Node1,Node2,Bakry-Ã‰mery Curvature
0,68,-6.0
0,273,-6.5
0,360,-4.5
0,519,-6.5
0,586,-5.0
68,43,-6.5
68,139,-8.5
68,160,-7.0
68,167,-8.5
68,377,-8.0
68,407,-7.5
68,409,-8.5
68,503,-9.0
68,580,-10.0
68,716,-7.5
68,857,-7.0
68,858,-11.5
273,14,-8.5
273,70,-10.0
273,98,-8.0
273,141,-11.0
273,270,-8.5
273,392,-8.0
273,412,-6.5
273,567,-9.0
273,649,-10.0
273,690,-8.0
273,856,-7.5
273,921,-9.0
273,950,-13.0
360,65,-6.5
360,255,-8.5
360,389,-8.0
360,609,-6.0
360,640,-8.0
360,645,-9.5
360,659,-8.0
360,856,-5.5
360,906,-8.0
519,12,-11.0
519,93,-11.0
519,162,-11.5
519,191,-10.5
519,332,-9.0
519,350,-11.5
519,365,-12.0
519,379,-10.0
519,584,-9.0
519,593,-9.5
519,616,-9.5
519,805,-7.0
519,835,-12.5
586,7,-7.0
586,110,-7.5
586,139,-7.5
586,179,-5.0
586,202,-6.5
586,336,-11.0
586,362,-8.5
586,432,-9.0
586,643,-6.5
586,719,-7.5
1,17,-4.5
1,76,-7.0
1,277,-7.0
1,346,-6.0
1,400,-7.0
1,414,-7.5
1,472,-6.5
1,549,-8.0
1,714,-7.0
1,843,-10.0
1,940,-9.5
17,93,-6.0
17,231,-3.0
17,566,-4.0
76,254,-8.0
76,282,-8.0
76,420,-5.5
76,500,-9.0
76,503,-7.0
76,829,-5.0
76,963,-6.5
76,975,-8.0
277,167,-6.5
277,238,-9.5
277,365,-9.5
277,461,-4.5
277,499,-5.5
277,646,-6.5
277,667,-3.5
277,797,-8.0
346,146,-8.0
346,229,-5.5
346,639,-8.0
346,780,-6.0
346,790,-5.0
346,860,-8.0
400,49,-7.0
400,229,-6.5
400,384,-2.5
400,513,-9.5
400,595,-8.0
400,691,-7.0
400,711,-11.0
400,980,-8.5
414,118,-8.0
414,213,-6.5
414,238,-10.0
414,532,-12.0
414,819,-5.5
414,877,-11.5
414,898,-7.5
414,939,-6.5
414,956,-6.5
472,3,-6.5
472,209,-4.5
472,269,-5.5
472,437,-6.5
472,795,-5.0
472,911,-7.5
472,925,-8.0
549,90,-11.0
549,130,-6.5
549,140,-6.0
549,191,-9.0
549,274,-9.5
549,445,-9.0
549,629,-8.0
549,736,-4.5
549,762,-7.5
549,804,-7.0
714,42,-6.5
714,82,-7.5
714,117,-6.5
714,181,-6.5
714,371,-6.5
714,583,-4.5
714,806,-6.0
714,841,-5.0
843,364,-11.0
843,401,-13.5
843,406,-10.5
843,422,-11.0
843,425,-9.0
843,496,-10.0
843,500,-12.0
843,507,-9.5
843,616,-10.0
843,640,-10.5
843,729,-10.5
843,758,-9.0
843,809,-10.5
843,972,-13.5
940,100,-9.5
940,297,-12.5
940,350,-11.5
940,398,-8.5
940,422,-10.5
940,459,-8.5
940,490,-10.5
940,491,-8.5
940,679,-9.0
940,724,-10.5
940,838,-10.5
940,902,-10.5
940,947,-8.5
2,26,-7.5
2,125,-10.5
2,235,-5.5
2,298,-9.5
2,325,-6.5
2,326,-7.5
2,539,-10.5
2,568,-7.0
2,636,-9.0
2,678,-9.5
2,725,-6.0
2,830,-8.5
2,973,-7.0
26,100,-6.5
26,226,-5.0
26,389,-7.0
26,781,-5.0
26,840,-7.0
26,912,-8.5
26,970,-6.0
125,41,-10.5
125,60,-8.0
125,175,-9.0
125,311,-6.0
125,331,-10.0
125,365,-12.0
125,404,-8.0
125,446,-7.5
125,467,-8.0
125,712,-8.5
125,753,-12.5
125,916,-11.0
125,980,-11.0
235,390,-7.0
235,521,-5.5
235,889,-4.0
298,41,-9.5
298,61,-7.5
298,142,-11.5
298,204,-11.0
298,432,-9.5
298,446,-6.5
298,564,-9.5
298,583,-6.0
298,730,-9.0
298,976,-10.0
298,984,-6.0
325,51,-7.0
325,114,-4.0
325,183,-5.0
325,620,-8.0
325,812,-6.0
326,148,-6.0
326,152,-7.5
326,206,-8.5
326,218,-5.5
326,620,-9.0
326,807,-5.5
326,877,-10.5
539,12,-11.0
539,194,-8.5
539,254,-10.5
539,337,-8.5
539,569,-9.0
539,570,-9.0
539,582,-8.5
539,639,-11.5
539,658,-10.0
539,666,-9.5
539,701,-9.5
539,921,-9.0
539,928,-8.5
568,321,-4.0
568,331,-6.5
568,395,-5.5
568,507,-5.5
568,740,-9.5
568,862,-4.0
636,359,-5.5
636,452,-10.5
636,521,-9.0
636,609,-6.5
636,638,-7.0
636,676,-6.5
636,729,-8.5
636,742,-7.5
636,772,-9.5
636,953,-9.0
678,98,-7.0
678,143,-7.5
678,176,-7.5
678,184,-9.5
678,245,-11.5
678,369,-13.0
678,387,-6.0
678,559,-9.0
678,561,-10.0
678,697,-10.5
678,755,-8.5
725,36,-5.5
725,331,-5.5
725,577,-5.0
725,630,-6.5
830,73,-6.5
830,192,-8.5
830,197,-9.5
830,205,-9.0
830,352,-6.0
830,382,-7.0
830,398,-6.5
830,581,-6.5
830,680,-7.5
973,123,-5.0
973,167,-5.5
973,577,-6.0
973,704,-5.5
973,742,-5.5
973,823,-6.5
3,165,-14.0
3,179,-5.0
3,312,-5.5
3,362,-8.5
3,383,-9.5
3,450,-8.0
3,572,-5.5
3,713,-7.5
3,721,-8.0
3,753,-11.0
165,64,-14.5
165,110,-13.5
165,227,-12.0
165,236,-16.0
165,253,-15.5
165,363,-15.5
165,404,-12.5
165,406,-14.5
165,437,-14.0
165,473,-15.5
165,483,-12.5
165,556,-17.0
165,604,-13.5
165,672,-14.5
165,724,-15.0
165,777,-17.5
165,876,-13.5
165,909,-14.5
165,921,-13.5
165,960,-15.5
165,963,-13.5
165,989,-15.0
179,159,-5.5
179,249,-8.0
179,671,-8.0
312,11,-6.0
312,187,-3.0
312,480,-5.5
312,647,-5.5
312,889,-5.0
362,27,-10.5
362,30,-7.5
362,74,-9.5
362,266,-6.0
362,426,-8.5
362,543,-8.5
362,556,-11.5
362,597,-8.5
362,761,-7.5
362,919,-8.0
383,27,-11.5
383,61,-8.5
383,75,-10.5
383,89,-6.5
383,106,-11.5
383,401,-13.0
383,480,-9.5
383,621,-7.0
383,705,-9.0
383,709,-9.5
383,805,-7.0
383,837,-8.5
383,933,-8.0
450,78,-8.0
450,223,-10.5
450,508,-7.0
450,555,-6.0
450,576,-8.5
450,624,-8.0
450,707,-10.0
450,886,-9.5
450,925,-9.5
450,947,-7.0
572,232,-5.5
572,361,-4.5
572,590,-3.5
572,809,-6.0
572,821,-4.0
713,161,-6.0
713,222,-7.0
713,353,-6.0
713,371,-7.0
713,382,-7.0
713,432,-8.5
713,630,-9.0
713,840,-8.0
713,860,-9.5
721,29,-9.0
721,56,-8.5
721,260,-13.5
721,276,-6.0
721,423,-10.5
721,438,-7.5
721,457,-8.0
721,536,-7.0
721,782,-7.5
721,854,-5.5
753,90,-14.0
753,133,-9.5
753,140,-9.0
753,248,-12.0
753,251,-11.5
753,357,-13.0
753,396,-12.5
753,437,-11.0
753,541,-12.5
753,546,-11.0
753,719,-10.5
753,744,-7.5
753,752,-10.0
753,925,-12.5
753,983,-12.5
4,153,-7.0
4,186,-7.5
4,198,-9.0
4,313,-10.0
4,374,-6.5
4,495,-8.0
4,545,-8.5
4,715,-10.0
4,739,-9.0
4,844,-6.5
4,885,-9.0
153,101,-5.0
153,144,-6.5
153,186,-6.5
153,191,-8.0
153,402,-7.5
153,655,-10.0
153,735,-5.0
153,941,-6.5
186,257,-8.0
186,323,-6.0
186,368,-7.5
186,444,-7.0
186,600,-9.0
186,670,-9.5
186,928,-6.5
186,960,-9.0
198,63,-8.5
198,175,-8.5
198,247,-6.0
198,373,-9.0
198,375,-9.0
198,551,-7.5
198,739,-10.0
198,842,-7.5
198,860,-11.0
198,898,-9.0
198,979,-10.0
198,997,-7.5
313,7,-9.0
313,30,-9.0
313,90,-13.0
313,120,-9.0
313,205,-11.5
313,280,-10.5
313,349,-8.5
313,396,-11.5
313,418,-10.5
313,648,-9.5
313,738,-10.0
313,841,-8.0
313,901,-8.5
313,992,-10.5
374,18,-8.0
374,196,-7.5
374,274,-8.0
374,350,-8.5
374,633,-7.5
374,665,-5.5
374,815,-6.5
495,177,-7.0
495,363,-9.5
495,423,-10.5
495,476,-5.5
495,624,-8.0
495,816,-5.5
495,818,-6.0
495,859,-10.5
495,880,-10.0
495,943,-7.0
545,55,-8.0
545,69,-8.0
545,83,-9.0
545,91,-7.5
545,160,-6.5
545,169,-11.5
545,204,-11.0
545,367,-7.0
545,497,-9.0
545,662,-5.0
545,803,-7.5
715,189,-8.5
715,193,-10.5
715,243,-12.0
715,256,-7.5
715,280,-10.5
715,323,-8.5
715,357,-12.0
715,457,-10.0
715,639,-12.0
715,695,-7.5
715,719,-9.5
715,879,-13.0
715,901,-8.5
715,976,-11.5
739,108,-6.0
739,116,-7.5
739,370,-12.0
739,424,-10.5
739,532,-13.5
739,618,-7.5
739,635,-13.0
739,645,-11.0
739,760,-8.0
739,773,-6.0
739,950,-12.5
844,66,-6.5
844,195,-5.0
844,378,-8.0
844,639,-8.5
844,691,-6.5
844,928,-5.5
844,949,-4.5
885,13,-9.0
885,44,-11.5
885,221,-8.0
885,279,-8.0
885,379,-9.5
885,441,-9.0
885,480,-9.0
885,620,-11.5
885,730,-9.5
885,735,-7.0
885,882,-8.0
885,956,-8.0
5,112,-11.0
5,147,-9.5
5,212,-11.5
5,259,-10.5
5,260,-17.5
5,310,-12.5
5,459,-11.0
5,520,-11.0
5,564,-13.0
5,585,-14.5
5,771,-11.5
5,837,-11.0
5,855,-12.0
5,904,-10.0
5,907,-13.0
5,933,-10.5
5,938,-11.0
5,941,-11.5
5,947,-11.0
112,203,-5.5
112,255,-8.0
112,521,-8.0
112,682,-7.5
112,806,-6.0
112,891,-5.0
112,941,-6.5
112,965,-6.5
147,91,-4.5
147,150,-2.0
147,242,-7.5
147,299,-6.5
147,406,-6.0
212,40,-5.5
212,127,-7.0
212,290,-7.0
212,305,-5.5
212,375,-7.5
212,429,-4.5
212,453,-7.5
212,659,-8.0
212,977,-4.0
259,295,-8.0
259,303,-6.5
259,373,-6.5
259,465,-5.5
259,497,-7.0
259,628,-7.5
259,798,-7.5
260,100,-13.5
260,152,-14.5
260,229,-13.0
260,236,-15.5
260,241,-14.0
260,376,-14.0
260,407,-12.0
260,465,-12.5
260,474,-12.5
260,477,-12.0
260,521,-14.5
260,528,-13.0
260,570,-13.0
260,601,-13.0
260,634,-11.5
260,635,-17.5
260,687,-13.0
260,769,-14.0
260,871,-15.5
260,996,-11.5
310,35,-10.5
310,48,-8.5
310,72,-10.0
310,130,-7.0
310,221,-7.5
310,230,-7.5
310,393,-8.5
310,464,-8.5
310,717,-8.5
310,893,-9.5
310,972,-12.0
459,23,-8.5
459,201,-6.5
459,309,-4.0
459,422,-8.0
459,485,-7.0
459,691,-7.0
459,969,-6.5
520,123,-6.0
520,191,-8.0
520,314,-6.5
520,682,-7.5
520,727,-6.0
520,772,-8.5
520,826,-7.0
520,901,-5.5
564,51,-10.5
564,87,-7.5
564,268,-9.5
564,334,-10.5
564,394,-8.5
564,407,-7.5
564,570,-8.5
564,575,-8.0
564,610,-10.5
564,674,-8.5
564,780,-9.0
585,71,-8.5
585,210,-12.5
585,213,-9.5
585,242,-12.5
585,267,-8.0
585,336,-13.5
585,393,-10.5
585,455,-11.5
585,464,-10.5
585,523,-12.5
585,559,-11.0
585,626,-8.5
585,750,-10.0
585,780,-10.5
585,933,-9.0
771,9,-9.5
771,244,-7.0
771,309,-4.5
771,343,-6.5
771,390,-10.0
771,569,-7.0
771,840,-8.0
771,935,-5.0
771,968,-7.5
837,282,-8.0
837,340,-7.5
837,416,-5.5
837,733,-8.0
837,794,-6.5
837,836,-8.0
837,924,-8.5
855,50,-6.5
855,121,-7.5
855,420,-6.5
855,504,-6.0
855,512,-10.0
855,553,-5.0
855,563,-9.0
855,595,-9.0
855,648,-7.5
855,961,-8.0
904,35,-8.0
904,56,-6.5
904,372,-4.5
904,835,-9.0
904,905,-5.5
904,944,-7.5
907,178,-7.5
907,188,-8.5
907,236,-11.0
907,253,-10.5
907,373,-9.0
907,438,-8.5
907,482,-8.0
907,579,-7.5
907,783,-11.5
907,815,-9.0
907,860,-11.0
907,895,-8.5
933,65,-5.5
933,614,-5.5
933,686,-7.5
933,698,-6.0
933,979,-7.5
938,35,-9.0
938,408,-4.5
938,485,-7.0
938,514,-6.5
938,596,-8.0
938,877,-11.0
938,948,-6.0
938,967,-8.5
941,9,-9.5
941,79,-12.0
941,188,-7.0
941,220,-7.0
941,246,-8.5
941,388,-9.0
941,963,-7.0
947,8,-5.5
947,90,-10.0
947,386,-4.0
947,702,-5.0
947,815,-7.0
947,967,-8.5
6,162,-10.0
6,204,-10.5
6,320,-7.0
6,441,-8.0
6,451,-6.5
6,457,-8.0
6,499,-6.5
6,511,-6.5
6,694,-5.5
6,823,-8.5
6,862,-6.0
162,22,-12.0
162,44,-12.5
162,134,-10.5
162,158,-9.5
162,387,-7.5
162,420,-8.5
162,445,-11.0
162,671,-13.0
162,685,-12.0
162,695,-7.5
162,703,-11.5
162,704,-9.5
162,807,-9.0
204,18,-12.0
204,63,-10.0
204,64,-11.0
204,175,-10.0
204,248,-11.5
204,560,-11.5
204,571,-9.0
204,627,-9.0
204,648,-10.0
204,732,-9.0
204,759,-13.5
204,868,-8.0
204,999,-9.0
320,37,-5.5
320,338,-6.0
320,365,-9.5
320,509,-5.5
320,561,-8.5
320,566,-6.5
320,752,-6.0
320,767,-5.5
441,329,-6.0
441,390,-10.5
441,473,-9.5
441,526,-8.0
441,759,-11.0
441,768,-12.0
441,826,-8.0
441,872,-7.0
441,874,-9.5
451,274,-8.0
451,570,-6.0
451,681,-7.5
451,785,-7.0
451,808,-3.5
451,900,-6.0
451,916,-8.0
457,242,-10.0
457,301,-6.5
457,329,-6.0
457,470,-8.5
457,491,-7.0
457,541,-9.5
457,604,-7.5
457,897,-9.5
499,524,-6.0
499,534,-5.0
499,712,-5.5
499,803,-5.5
499,867,-3.5
499,899,-2.5
511,47,-7.5
511,526,-6.5
511,846,-7.0
511,894,-6.0
511,913,-5.0
511,914,-5.5
511,957,-5.0
694,364,-6.5
694,401,-9.0
694,745,-6.5
694,798,-6.5
694,876,-5.0
823,191,-9.5
823,369,-13.0
823,431,-7.0
823,563,-9.5
823,604,-8.0
823,792,-8.0
823,797,-9.5
823,831,-9.5
823,957,-7.0
823,984,-6.0
862,128,-6.5
862,288,-4.0
862,378,-7.5
862,633,-7.0
862,871,-8.0
7,10,-7.5
7,223,-9.5
7,363,-8.5
7,401,-10.5
7,768,-11.0
7,782,-6.5
7,833,-7.5
10,107,-7.5
10,164,-7.0
10,408,-6.0
10,416,-7.0
10,432,-9.5
10,529,-9.5
10,724,-9.5
10,728,-7.5
10,782,-8.0
10,816,-6.0
10,951,-7.0
223,21,-8.0
223,41,-11.5
223,53,-10.5
223,90,-13.5
223,168,-9.5
223,237,-10.0
223,449,-10.5
223,456,-8.5
223,601,-10.0
223,639,-12.5
223,651,-12.0
223,659,-11.0
223,664,-9.0
223,931,-10.0
363,146,-11.5
363,228,-9.0
363,437,-9.5
363,523,-11.5
363,620,-12.0
363,654,-6.5
363,670,-11.5
363,719,-9.0
363,846,-10.0
363,934,-8.5
363,967,-11.0
401,203,-10.0
401,395,-11.0
401,504,-9.5
401,533,-12.0
401,561,-13.0
401,584,-11.0
401,621,-9.0
401,640,-12.0
401,784,-12.5
401,854,-9.0
401,868,-9.0
401,874,-13.0
401,877,-15.5
401,965,-11.0
768,32,-9.0
768,39,-10.5
768,239,-11.5
768,300,-13.0
768,338,-11.0
768,358,-11.0
768,367,-10.5
768,397,-10.5
768,470,-12.5
768,527,-16.0
768,593,-12.0
768,596,-13.0
768,741,-10.0
768,769,-12.5
768,804,-11.0
768,908,-9.0
768,978,-15.5
782,51,-9.0
782,171,-5.5
782,337,-6.5
782,463,-9.0
782,723,-4.5
782,742,-7.0
782,912,-9.5
833,24,-7.5
833,127,-8.0
833,382,-8.0
833,454,-9.0
833,486,-7.0
833,554,-8.0
833,623,-5.5
833,691,-8.5
833,895,-8.0
833,927,-8.5
833,950,-12.0
8,59,-4.5
8,90,-9.5
8,290,-6.0
8,547,-6.5
8,596,-7.5
8,661,-7.5
8,999,-5.0
59,36,-6.5
59,169,-9.0
59,302,-4.5
59,505,-7.0
59,550,-8.0
59,611,-8.0
90,23,-12.5
90,239,-10.5
90,297,-14.0
90,364,-12.0
90,468,-11.0
90,486,-9.5
90,506,-12.5
90,529,-12.0
90,774,-9.0
90,831,-12.0
90,958,-8.0
290,424,-9.0
290,458,-7.0
290,466,-5.0
290,573,-7.0
290,577,-7.5
290,733,-8.5
290,749,-8.0
290,926,-8.0
547,22,-10.0
547,120,-7.0
547,190,-5.0
547,314,-7.5
547,370,-11.0
547,437,-8.0
547,448,-8.5
547,672,-8.5
547,682,-8.5
547,786,-7.5
596,61,-8.0
596,137,-8.5
596,226,-7.5
596,248,-10.0
596,289,-7.0
596,295,-10.5
596,465,-8.0
596,501,-9.5
596,563,-10.0
596,645,-11.0
661,93,-10.5
661,208,-8.0
661,238,-11.5
661,470,-9.5
661,515,-6.5
661,606,-8.0
661,640,-9.5
661,760,-8.0
661,794,-8.5
661,846,-9.5
661,880,-11.0
661,926,-9.5
999,217,-5.5
999,246,-7.5
999,452,-9.0
999,489,-5.5
999,515,-4.0
999,560,-7.5
9,41,-11.0
9,138,-10.5
9,197,-12.0
9,243,-12.0
9,282,-11.0
9,413,-12.0
9,419,-11.5
9,512,-12.0
9,772,-11.5
9,952,-10.5
9,974,-8.0
9,979,-11.0
9,991,-11.0
41,229,-8.5
41,234,-9.5
41,268,-9.5
41,606,-8.0
41,700,-7.5
41,706,-9.0
41,766,-7.5
41,774,-7.0
41,875,-9.5
138,159,-9.0
138,245,-11.5
138,255,-9.5
138,324,-6.5
138,380,-10.5
138,570,-8.0
138,588,-11.5
138,796,-9.5
138,818,-6.5
138,969,-8.0
138,988,-5.5
197,18,-11.5
197,47,-11.0
197,303,-10.0
197,395,-9.5
197,614,-9.0
197,702,-8.0
197,740,-13.5
197,769,-10.5
197,814,-7.5
197,863,-10.5
197,882,-9.0
197,931,-9.5
197,954,-8.0
243,18,-11.5
243,27,-12.0
243,145,-8.5
243,224,-7.0
243,280,-10.5
243,296,-8.0
243,347,-8.5
243,399,-8.5
243,541,-11.5
243,579,-8.5
243,722,-11.5
243,908,-7.0
243,978,-13.5
282,79,-13.5
282,98,-7.5
282,133,-7.5
282,295,-10.5
282,364,-10.0
282,497,-9.5
282,593,-9.0
282,765,-9.5
282,886,-10.5
282,925,-10.5
413,118,-10.5
413,225,-10.5
413,276,-8.0
413,324,-8.0
413,431,-8.5
413,443,-8.5
413,615,-7.5
413,655,-13.0
413,676,-8.5
413,780,-10.0
413,839,-8.5
413,861,-9.0
413,863,-10.5
413,993,-8.5
419,119,-8.5
419,152,-10.5
419,181,-9.0
419,194,-8.5
419,210,-11.5
419,575,-8.5
419,584,-9.0
419,642,-11.0
419,733,-10.5
419,835,-12.5
419,838,-10.5
419,905,-9.0
419,943,-8.5
512,238,-12.5
512,299,-11.0
512,304,-9.5
512,357,-12.0
512,449,-10.0
512,574,-8.0
512,575,-9.0
512,679,-9.5
512,703,-11.5
512,717,-10.0
512,817,-10.0
512,820,-11.5
512,850,-9.5
772,117,-9.0
772,132,-11.5
772,300,-10.5
772,349,-8.0
772,432,-10.5
772,509,-8.0
772,629,-9.5
772,647,-9.5
772,685,-11.5
772,783,-12.0
772,859,-12.0
952,50,-7.0
952,168,-7.5
952,232,-8.5
952,238,-11.0
952,291,-10.0
952,299,-9.5
952,464,-8.5
952,530,-8.0
952,608,-9.0
952,668,-8.0
952,686,-9.5
974,79,-10.5
974,368,-6.0
974,620,-8.5
974,666,-6.0
974,706,-6.0
974,730,-6.5
979,121,-8.5
979,141,-10.5
979,146,-11.0
979,203,-7.5
979,213,-8.0
979,354,-10.0
979,386,-6.0
979,435,-9.5
979,569,-8.5
979,854,-6.5
991,67,-8.5
991,250,-9.5
991,367,-7.5
991,385,-8.0
991,445,-10.0
991,528,-8.5
991,533,-9.5
991,556,-12.0
991,599,-7.5
991,810,-8.5
991,877,-13.0
991,987,-8.0
107,248,-8.0
107,357,-9.0
107,379,-7.5
107,402,-7.5
107,749,-7.5
107,802,-8.0
107,860,-9.0
107,981,-6.0
164,61,-5.5
164,142,-9.5
164,609,-5.0
164,671,-9.5
164,777,-10.0
164,850,-6.0
164,923,-6.5
408,294,-5.0
408,334,-7.0
408,531,-4.5
408,573,-5.0
416,106,-8.5
416,117,-6.0
416,317,-7.0
416,685,-8.5
416,755,-6.5
416,869,-4.5
432,108,-6.0
432,154,-9.5
432,327,-8.0
432,510,-9.0
432,524,-8.5
432,749,-9.5
432,827,-9.0
432,944,-10.5
529,338,-8.0
529,483,-7.5
529,516,-8.5
529,518,-9.0
529,531,-8.0
529,555,-7.0
529,602,-10.5
529,688,-8.5
529,699,-10.5
529,827,-9.0
529,966,-8.5
724,46,-9.0
724,67,-8.5
724,224,-6.0
724,345,-7.0
724,463,-10.5
724,601,-8.5
724,711,-13.0
724,755,-9.0
724,786,-8.5
724,893,-10.0
728,70,-7.5
728,140,-5.0
728,205,-8.5
728,207,-3.5
728,399,-5.5
728,427,-3.5
728,737,-6.0
728,811,-8.5
816,48,-5.5
816,266,-3.0
816,684,-5.0
816,760,-4.5
951,84,-7.0
951,124,-4.0
951,231,-5.0
951,333,-6.0
951,438,-6.0
951,828,-7.5
951,867,-3.5
11,170,-8.0
11,200,-7.5
11,300,-9.5
11,342,-6.5
11,367,-7.0
11,435,-9.0
11,528,-8.0
11,682,-9.0
11,696,-7.0
11,703,-10.0
11,986,-7.5
170,29,-8.5
170,106,-9.5
170,278,-5.0
170,306,-7.5
170,452,-10.0
170,527,-11.5
170,669,-5.0
170,692,-8.5
170,767,-6.0
200,37,-5.5
200,103,-7.0
200,502,-7.0
200,796,-8.0
200,812,-7.5
200,815,-7.0
200,858,-9.5
200,982,-6.0
300,61,-8.0
300,67,-8.5
300,207,-5.5
300,237,-8.5
300,336,-12.0
300,372,-7.5
300,491,-8.0
300,497,-9.5
300,681,-10.0
300,828,-10.0
342,180,-3.0
342,206,-8.0
342,225,-6.5
342,710,-7.5
342,783,-8.5
342,978,-9.5
367,208,-5.5
367,399,-5.0
367,524,-6.0
367,981,-5.5
435,39,-7.0
435,53,-8.5
435,78,-8.5
435,124,-6.0
435,154,-9.0
435,469,-8.5
435,628,-9.5
435,634,-6.5
435,867,-5.5
435,949,-6.5
528,230,-6.5
528,263,-8.5
528,423,-10.0
528,543,-7.5
528,573,-7.0
528,608,-8.0
528,959,-6.5
682,33,-8.5
682,51,-10.0
682,144,-8.0
682,272,-9.0
682,275,-7.5
682,322,-7.5
682,339,-9.0
682,560,-9.5
696,20,-6.0
696,393,-6.5
696,493,-4.0
696,503,-6.5
696,787,-5.5
696,827,-6.5
696,891,-4.5
703,57,-9.0
703,98,-8.0
703,314,-9.0
703,323,-8.0
703,355,-7.5
703,453,-9.5
703,467,-8.0
703,578,-7.0
703,835,-12.5
703,932,-7.5
703,964,-10.0
986,20,-6.5
986,22,-9.0
986,45,-5.0
986,92,-4.5
986,507,-6.5
986,562,-8.0
986,919,-6.5
986,993,-5.5
12,100,-9.5
12,118,-10.0
12,184,-10.5
12,193,-10.0
12,216,-12.0
12,655,-12.5
12,660,-9.5
12,687,-9.0
12,758,-8.5
12,829,-7.5
12,858,-12.0
12,990,-7.0
100,22,-10.0
100,84,-8.5
100,262,-9.0
100,353,-6.5
100,516,-7.5
100,521,-9.0
100,597,-8.0
118,13,-8.5
118,48,-8.5
118,396,-10.0
118,496,-8.5
118,513,-11.0
118,544,-6.5
118,554,-8.0
118,642,-10.0
118,707,-10.5
184,66,-9.0
184,134,-9.5
184,215,-6.5
184,241,-9.5
184,297,-12.0
184,662,-5.5
184,804,-8.0
184,827,-9.0
184,927,-9.0
184,959,-8.0
184,996,-7.0
193,205,-10.0
193,327,-7.5
193,436,-11.0
193,513,-11.0
193,522,-8.0
193,536,-7.5
193,706,-8.5
193,794,-8.0
193,802,-9.5
193,928,-7.5
216,28,-10.0
216,55,-10.0
216,62,-7.5
216,137,-10.0
216,167,-10.0
216,303,-10.5
216,322,-9.5
216,339,-11.0
216,364,-11.5
216,463,-12.0
216,603,-11.0
216,614,-9.5
216,627,-9.0
216,635,-14.5
216,987,-9.5
655,180,-8.0
655,289,-9.0
655,301,-9.5
655,314,-10.5
655,359,-8.5
655,427,-7.5
655,445,-12.0
655,491,-10.0
655,542,-12.5
655,567,-10.5
655,625,-11.0
655,827,-11.0
655,878,-9.5
655,944,-12.5
660,126,-6.0
660,302,-6.5
660,436,-10.5
660,488,-9.0
660,550,-10.0
660,571,-6.5
660,576,-8.5
660,733,-9.0
660,811,-9.5
660,923,-8.0
687,104,-7.5
687,350,-9.5
687,470,-8.0
687,527,-11.5
687,542,-9.0
687,836,-8.5
687,856,-5.5
687,925,-9.0
758,411,-6.0
758,588,-10.0
758,674,-6.5
758,740,-10.5
758,858,-9.5
758,859,-9.5
758,924,-8.5
829,65,-5.0
829,88,-8.0
829,150,-2.5
829,227,-4.0
829,292,-6.5
858,15,-10.0
858,109,-10.0
858,232,-10.5
858,371,-10.0
858,390,-13.0
858,438,-10.0
858,453,-10.5
858,471,-10.0
858,597,-10.5
858,679,-10.0
858,926,-11.0
858,980,-12.0
990,131,-4.5
990,206,-7.5
990,274,-7.0
990,377,-4.5
990,454,-6.0
13,132,-10.0
13,247,-5.0
13,248,-9.0
13,305,-6.0
13,677,-8.0
13,680,-8.0
13,734,-9.5
13,985,-8.0
13,997,-6.5
132,42,-9.5
132,64,-10.5
132,106,-12.0
132,294,-9.5
132,345,-8.0
132,364,-11.0
132,565,-9.5
132,617,-9.0
132,650,-11.5
132,709,-10.0
132,883,-8.0
132,889,-9.5
132,975,-11.0
247,106,-7.0
247,228,-4.5
247,397,-3.5
248,43,-6.5
248,366,-8.5
248,504,-7.0
248,588,-12.0
248,614,-8.0
248,634,-7.0
248,720,-7.0
248,936,-9.0
305,141,-7.5
305,316,-4.0
305,317,-6.5
305,531,-5.0
305,659,-6.5
677,163,-8.5
677,269,-7.0
677,331,-8.5
677,454,-8.5
677,463,-9.5
677,502,-8.0
677,614,-7.0
677,790,-7.0
677,848,-6.0
677,884,-5.5
680,48,-8.0
680,337,-7.0
680,343,-7.0
680,381,-9.5
680,434,-9.0
680,477,-6.5
680,590,-6.0
680,611,-10.0
680,647,-8.0
734,85,-9.5
734,121,-9.0
734,238,-12.0
734,283,-7.5
734,293,-9.0
734,505,-10.5
734,542,-11.0
734,615,-7.0
734,637,-7.0
734,665,-8.5
734,691,-9.5
734,738,-9.5
734,893,-10.5
985,106,-10.0
985,144,-7.5
985,396,-9.5
985,477,-6.5
985,653,-8.0
985,698,-7.5
985,706,-8.0
985,708,-5.5
985,760,-7.0
985,860,-10.0
997,28,-6.0
997,597,-6.5
997,651,-8.0
997,726,-6.0
997,953,-7.5
997,958,-3.5
14,169,-10.0
14,264,-6.0
14,604,-6.5
14,746,-4.0
14,779,-4.5
14,784,-8.0
14,798,-8.0
14,892,-3.0
169,94,-11.5
169,106,-13.0
169,115,-11.5
169,152,-12.0
169,563,-12.0
169,608,-11.5
169,642,-12.5
169,659,-11.5
169,668,-10.5
169,745,-12.0
169,783,-13.5
169,811,-12.5
169,849,-11.5
169,865,-8.5
264,25,-5.0
264,398,-6.0
264,420,-5.5
264,488,-8.0
264,653,-7.0
264,803,-6.0
264,943,-6.0
264,944,-8.5
604,461,-5.0
604,592,-6.5
604,672,-8.0
604,785,-8.0
604,909,-8.0
604,972,-11.0
746,249,-8.0
746,659,-5.5
746,832,-7.5
746,980,-6.5
779,597,-5.5
779,633,-6.5
779,733,-6.5
779,777,-9.0
779,853,-4.0
784,67,-8.5
784,99,-8.5
784,255,-10.0
784,274,-10.5
784,347,-7.5
784,380,-11.0
784,550,-11.0
784,611,-11.0
784,643,-7.5
784,653,-9.0
784,735,-7.0
798,60,-7.5
798,80,-8.5
798,123,-8.0
798,201,-8.5
798,455,-10.0
798,731,-10.0
798,745,-10.0
798,752,-8.0
798,777,-12.5
798,978,-12.5
892,261,-3.5
892,531,-3.0
15,74,-8.5
15,80,-7.0
15,128,-8.0
15,359,-5.0
15,588,-10.5
15,634,-5.5
15,701,-7.5
15,838,-8.5
15,853,-6.0
74,66,-9.0
74,306,-9.0
74,316,-7.0
74,411,-8.0
74,662,-5.5
74,681,-10.0
74,808,-6.0
74,832,-11.5
74,946,-8.0
74,972,-12.5
74,987,-8.0
80,36,-8.0
80,159,-8.0
80,369,-12.0
80,592,-6.5
80,717,-7.5
80,811,-9.0
80,916,-9.0
80,920,-6.5
128,36,-9.0
128,148,-8.0
128,309,-5.5
128,425,-7.5
128,608,-9.0
128,612,-7.0
128,617,-7.5
128,810,-8.0
128,912,-10.5
128,950,-12.0
359,19,-4.5
359,565,-5.0
359,699,-7.0
588,57,-10.5
588,540,-11.0
588,651,-12.5
588,658,-11.5
588,671,-14.0
588,778,-8.5
588,789,-8.0
588,827,-11.0
588,828,-12.0
588,849,-11.5
588,889,-10.5
588,891,-9.0
588,956,-10.0
634,94,-6.5
634,239,-5.5
634,286,-7.5
701,82,-8.5
701,99,-7.5
701,110,-7.5
701,131,-7.0
701,141,-9.5
701,633,-9.0
701,672,-8.5
701,755,-8.0
701,903,-6.5
838,34,-8.5
838,146,-11.0
838,155,-8.5
838,156,-6.5
838,233,-8.0
838,241,-9.5
838,379,-9.5
838,527,-13.0
838,640,-9.5
838,809,-9.5
853,524,-6.0
853,866,-5.5
853,975,-7.5
853,978,-10.0
853,981,-5.5
853,992,-7.0
16,25,-2.0
16,616,-4.0
16,988,-1.0
25,47,-7.0
25,77,-4.5
25,602,-7.5
25,738,-6.0
25,800,-4.0
616,149,-4.0
616,158,-7.5
616,232,-8.0
616,464,-8.0
616,513,-10.5
616,595,-9.0
616,686,-9.0
616,875,-8.5
988,185,-4.0
988,378,-6.5
988,891,-3.0
93,85,-9.5
93,136,-10.5
93,261,-9.0
93,272,-10.0
93,295,-11.0
93,482,-8.5
93,522,-9.0
93,613,-7.5
93,712,-8.5
93,722,-11.0
93,742,-9.0
231,47,-7.5
231,53,-6.5
231,166,-6.5
231,271,-6.0
231,614,-5.5
231,673,-7.5
566,97,-6.0
566,263,-8.5
566,377,-6.5
566,455,-8.5
566,488,-8.5
566,556,-10.5
566,561,-9.0
566,602,-9.0
18,55,-9.0
18,89,-6.5
18,143,-8.5
18,220,-9.0
18,285,-7.5
18,475,-10.5
18,501,-10.0
18,686,-10.5
18,918,-9.5
18,956,-8.5
55,399,-6.0
55,422,-8.5
55,562,-8.5
55,671,-10.5
55,868,-5.0
55,875,-8.0
55,919,-7.0
89,668,-4.5
89,909,-5.5
89,996,-3.0
143,348,-4.5
143,536,-6.0
143,578,-4.5
143,650,-8.5
143,764,-7.0
143,834,-5.0
143,980,-8.5
220,181,-7.0
220,424,-9.0
220,497,-8.0
220,541,-9.0
220,546,-7.5
220,605,-11.0
220,651,-9.0
220,705,-7.0
285,27,-8.0
285,418,-6.5
285,577,-6.0
285,726,-5.5
285,828,-7.0
285,879,-9.0
475,136,-10.0
475,152,-10.0
475,385,-8.0
475,496,-9.0
475,570,-8.5
475,573,-8.5
475,686,-10.0
475,697,-11.0
475,836,-10.0
475,875,-9.5
475,937,-7.0
475,971,-7.5
501,57,-8.0
501,87,-7.0
501,284,-8.0
501,307,-9.0
501,431,-7.0
501,521,-9.5
501,535,-9.0
501,803,-7.5
501,897,-10.0
501,914,-7.5
686,33,-9.0
686,269,-8.0
686,272,-9.5
686,295,-10.5
686,339,-9.5
686,620,-11.5
686,774,-7.0
686,794,-8.5
918,160,-6.0
918,195,-6.5
918,302,-6.5
918,317,-8.5
918,431,-6.5
918,630,-9.5
918,911,-9.0
918,923,-8.0
918,927,-8.0
918,975,-9.0
956,102,-5.5
956,157,-5.0
956,470,-7.5
956,514,-6.5
956,807,-6.0
19,136,-8.0
19,287,-7.0
19,304,-6.5
19,396,-8.5
19,446,-5.0
19,506,-8.5
19,617,-6.0
19,866,-6.0
136,111,-8.5
136,131,-8.0
136,206,-11.0
136,465,-8.0
136,552,-7.5
136,578,-6.5
136,748,-6.5
136,780,-9.0
136,797,-10.0
136,813,-10.5
287,46,-8.0
287,60,-6.5
287,82,-8.5
287,142,-11.0
287,232,-8.0
287,251,-8.5
287,487,-8.5
287,556,-11.0
287,676,-6.5
287,890,-8.5
304,29,-8.5
304,244,-7.0
304,270,-6.5
304,379,-8.0
304,497,-8.0
304,648,-7.0
304,726,-7.0
304,959,-6.5
396,233,-8.5
396,242,-11.5
396,424,-11.0
396,471,-9.0
396,671,-12.5
396,673,-10.5
396,912,-11.5
396,919,-9.0
396,989,-10.5
446,292,-6.5
446,302,-4.5
446,580,-7.0
446,879,-9.0
506,48,-9.5
506,70,-10.0
506,120,-8.5
506,308,-10.0
506,426,-9.5
506,605,-13.0
506,610,-11.0
506,642,-11.0
506,704,-9.0
506,749,-10.0
506,765,-10.0
506,848,-7.5
617,120,-6.0
617,308,-7.5
617,322,-6.0
617,336,-10.0
617,341,-8.0
617,628,-8.0
866,77,-5.5
866,139,-6.5
866,370,-10.0
866,546,-7.0
866,670,-9.0
866,750,-6.5
866,917,-8.5
20,27,-9.5
20,148,-7.0
20,217,-6.5
20,279,-6.5
20,481,-5.5
20,488,-8.5
20,832,-10.0
20,852,-7.5
27,51,-11.5
27,225,-10.5
27,372,-8.5
27,454,-10.5
27,487,-10.5
27,489,-9.0
27,538,-9.0
27,824,-7.0
27,912,-12.0
27,960,-11.5
148,28,-7.0
148,612,-6.0
148,633,-8.5
148,806,-6.5
148,923,-7.5
148,944,-9.0
148,953,-8.5
217,81,-5.5
217,344,-6.0
217,368,-7.0
217,376,-7.5
217,563,-8.0
217,657,-10.5
217,873,-5.5
279,166,-7.0
279,219,-5.5
279,275,-6.0
279,327,-6.0
279,417,-5.5
279,498,-5.5
279,785,-7.5
481,34,-5.5
481,365,-8.5
481,379,-6.5
481,538,-5.0
481,882,-5.0
481,899,-2.0
488,39,-7.5
488,182,-5.5
488,275,-8.0
488,333,-8.5
488,561,-10.5
488,622,-8.0
488,644,-10.0
488,846,-9.5
488,944,-10.5
832,83,-11.0
832,366,-10.0
832,580,-11.5
832,733,-11.5
832,740,-14.0
832,775,-11.0
832,786,-10.0
832,799,-10.0
832,836,-11.5
832,909,-11.0
832,912,-12.5
832,946,-9.5
832,950,-14.0
852,116,-6.5
852,289,-6.0
852,492,-7.5
852,537,-10.0
852,552,-6.5
852,610,-9.5
852,645,-10.0
852,708,-5.5
852,778,-5.5
852,995,-8.0
21,288,-3.5
21,403,-6.5
21,497,-6.0
21,532,-10.0
21,962,-3.5
288,258,-5.5
288,439,-7.0
288,587,-6.5
288,598,-3.5
288,642,-7.5
403,29,-10.0
403,219,-7.5
403,240,-10.0
403,321,-7.0
403,347,-7.5
403,455,-10.0
403,723,-6.0
403,745,-10.0
403,787,-8.0
403,820,-10.5
403,839,-7.5
403,992,-9.5
497,222,-8.0
497,478,-9.0
497,627,-7.0
497,894,-8.0
497,968,-8.5
532,52,-9.5
532,82,-13.0
532,120,-11.5
532,328,-11.5
532,365,-15.0
532,430,-9.5
532,485,-12.5
532,498,-11.0
532,523,-14.5
532,551,-11.0
532,657,-16.0
532,658,-13.0
532,665,-11.5
532,692,-13.5
532,730,-13.0
532,788,-11.0
532,928,-11.5
962,97,-4.5
962,352,-4.5
962,607,-4.0
962,691,-6.0
962,826,-6.0
962,881,-2.5
22,146,-12.0
22,157,-8.0
22,195,-8.5
22,211,-8.0
22,240,-11.0
22,393,-10.0
22,537,-12.0
22,637,-7.5
22,640,-10.5
22,642,-11.5
22,775,-10.5
146,130,-8.5
146,258,-9.5
146,377,-9.0
146,390,-12.5
146,615,-7.5
146,618,-8.5
146,684,-9.5
146,851,-8.0
146,889,-9.5
146,913,-8.5
157,480,-6.0
157,533,-6.5
157,626,-4.0
157,886,-7.5
157,970,-5.5
195,301,-5.0
195,474,-5.5
195,605,-10.0
195,633,-7.5
195,891,-4.5
211,176,-5.0
211,377,-5.0
211,407,-4.5
211,679,-5.5
211,943,-5.0
211,969,-5.5
240,30,-8.0
240,52,-6.0
240,66,-9.0
240,115,-9.5
240,161,-7.5
240,276,-7.0
240,412,-6.0
240,476,-6.5
240,632,-8.5
240,743,-6.5
240,754,-7.5
393,280,-8.5
393,439,-9.0
393,465,-7.0
393,598,-5.5
393,608,-8.5
393,611,-10.0
393,707,-10.0
537,44,-12.5
537,127,-9.5
537,196,-11.0
537,252,-7.0
537,354,-11.0
537,368,-10.0
537,447,-9.5
537,479,-9.0
537,766,-8.5
537,792,-9.5
537,821,-8.5
537,825,-8.5
537,895,-9.5
637,265,-3.0
637,527,-9.5
637,726,-5.0
637,759,-8.5
640,49,-8.5
640,77,-7.0
640,395,-8.0
640,442,-7.5
640,505,-9.5
640,871,-10.5
642,151,-7.5
642,210,-11.5
642,286,-11.0
642,557,-8.5
642,620,-12.0
642,720,-7.5
642,827,-9.5
642,983,-11.0
775,31,-7.5
775,219,-7.0
775,308,-9.0
775,350,-10.5
775,523,-10.5
775,645,-10.5
775,646,-8.0
775,692,-9.5
775,819,-6.5
775,896,-8.0
23,111,-9.0
23,180,-6.5
23,347,-8.0
23,350,-11.5
23,489,-8.5
23,565,-9.0
23,628,-10.5
23,815,-9.5
23,824,-6.5
23,848,-7.5
23,972,-13.0
23,981,-8.5
111,199,-8.5
111,236,-9.5
111,423,-10.0
111,492,-7.0
111,666,-7.5
111,681,-8.5
111,906,-8.0
111,969,-7.0
180,196,-6.0
180,272,-5.5
347,333,-6.0
347,449,-6.5
347,752,-5.5
347,896,-6.0
350,57,-9.5
350,548,-6.0
350,619,-9.5
350,624,-10.0
350,665,-9.0
350,718,-7.5
350,787,-9.0
350,911,-11.0
350,978,-13.5
489,49,-7.0
489,183,-6.5
489,490,-8.0
489,605,-10.5
489,722,-8.5
489,936,-7.0
565,306,-7.5
565,376,-8.0
565,442,-6.5
565,579,-6.0
565,741,-5.5
565,936,-7.5
565,963,-7.0
628,28,-8.5
628,66,-9.0
628,83,-9.5
628,167,-8.5
628,188,-8.5
628,202,-7.5
628,518,-9.0
628,630,-10.5
628,919,-8.5
815,104,-8.0
815,145,-6.5
815,257,-8.5
815,623,-5.0
815,690,-6.5
815,812,-8.5
824,69,-4.5
824,321,-3.0
824,455,-6.0
848,177,-5.0
848,265,-3.5
848,382,-5.5
848,697,-8.0
972,120,-10.5
972,284,-11.0
972,293,-11.0
972,339,-12.0
972,392,-10.0
972,421,-9.0
972,458,-11.0
972,469,-11.5
972,796,-12.5
972,871,-13.5
972,875,-12.0
972,884,-9.0
972,935,-9.0
981,208,-6.0
981,334,-8.5
981,751,-6.0
981,914,-6.0
981,959,-6.0
24,104,-7.0
24,210,-9.0
24,280,-7.5
24,355,-5.0
24,369,-11.5
24,473,-8.5
24,826,-7.0
24,872,-6.0
104,171,-6.0
104,227,-6.0
104,274,-9.5
104,388,-9.5
104,437,-8.0
104,695,-5.5
104,711,-12.0
104,920,-7.0
210,77,-8.5
210,134,-10.5
210,426,-10.0
210,498,-8.5
210,546,-10.0
210,558,-7.5
210,559,-10.5
210,620,-12.5
210,790,-9.0
210,835,-13.0
210,895,-9.5
280,79,-13.0
280,323,-7.0
280,361,-7.5
280,439,-9.5
280,452,-11.0
280,453,-8.5
280,649,-9.0
355,249,-9.0
355,386,-3.0
355,764,-6.0
355,836,-7.0
355,931,-5.5
369,94,-13.0
369,173,-12.5
369,245,-15.5
369,286,-14.0
369,358,-11.5
369,390,-15.0
369,562,-13.5
369,569,-12.0
369,658,-13.0
369,766,-11.0
369,769,-13.0
369,789,-9.5
369,835,-15.5
369,942,-8.5
369,950,-16.0
369,964,-13.0
473,66,-9.5
473,79,-14.0
473,98,-8.0
473,515,-7.0
473,517,-7.0
473,555,-7.5
473,556,-12.5
473,700,-8.0
473,767,-8.0
473,813,-11.0
473,872,-8.5
826,237,-7.5
826,268,-8.5
826,621,-5.5
826,631,-8.0
826,742,-7.5
826,912,-10.0
826,969,-7.5
872,201,-6.5
872,593,-7.0
872,705,-6.5
872,807,-6.0
872,955,-4.5
872,983,-8.5
47,85,-9.0
47,159,-9.5
47,276,-7.0
47,291,-10.5
47,471,-8.5
47,561,-10.5
47,630,-10.5
47,859,-11.5
47,909,-9.5
77,306,-6.5
77,315,-7.0
77,749,-7.0
77,902,-7.5
602,57,-9.0
602,70,-10.0
602,173,-9.5
602,189,-8.0
602,498,-8.0
602,544,-7.5
602,561,-11.0
602,685,-11.5
602,691,-9.5
602,764,-9.5
602,993,-8.0
738,50,-6.5
738,83,-8.5
738,263,-9.0
738,357,-10.0
738,411,-7.0
738,461,-5.5
738,595,-9.0
738,894,-7.5
800,265,-3.5
800,373,-6.0
800,527,-10.0
800,590,-4.0
800,691,-6.0
800,754,-4.5
226,331,-7.0
226,336,-9.5
226,388,-8.0
226,502,-6.5
226,791,-5.0
226,897,-8.0
389,124,-6.0
389,137,-8.0
389,236,-10.5
389,332,-8.0
389,356,-5.5
389,668,-8.0
389,685,-10.5
389,880,-10.5
389,992,-9.0
389,995,-8.5
781,175,-6.0
781,178,-5.0
781,189,-5.0
781,237,-6.0
781,394,-6.0
781,437,-6.5
781,599,-5.0
840,79,-13.0
840,214,-7.0
840,245,-11.5
840,257,-9.0
840,386,-5.5
840,542,-10.0
840,589,-7.0
840,908,-5.5
840,915,-5.5
912,60,-8.5
912,194,-9.0
912,438,-9.5
912,556,-13.0
912,629,-10.0
912,631,-10.0
912,831,-11.0
912,878,-8.5
970,46,-7.5
970,49,-7.5
970,119,-6.5
970,562,-8.5
970,603,-8.0
970,785,-8.0
970,820,-9.0
970,865,-5.0
51,64,-10.0
51,214,-8.0
51,615,-7.0
51,794,-9.0
51,807,-8.5
51,828,-10.5
51,905,-9.0
51,911,-10.5
51,983,-11.0
225,124,-6.0
225,134,-9.0
225,245,-11.5
225,317,-9.0
225,327,-7.5
225,448,-9.0
225,491,-7.5
225,741,-6.5
225,924,-10.0
372,241,-7.0
372,453,-6.5
372,735,-4.5
372,845,-5.0
372,920,-5.5
454,344,-7.5
454,378,-10.0
454,533,-9.0
454,650,-10.0
454,709,-8.5
454,718,-6.0
454,723,-5.5
454,876,-8.0
487,73,-7.5
487,202,-7.0
487,241,-9.0
487,515,-6.0
487,707,-10.5
487,732,-7.0
487,914,-7.5
487,949,-6.5
487,968,-8.5
487,995,-8.5
538,289,-5.0
538,348,-4.5
538,354,-8.0
538,399,-5.5
538,883,-5.0
538,948,-6.0
538,964,-7.5
960,113,-7.0
960,149,-5.5
960,271,-9.0
960,293,-9.0
960,379,-10.0
960,381,-11.0
960,431,-8.0
960,672,-10.0
960,711,-13.5
960,765,-10.0
960,879,-12.5
28,34,-7.0
28,142,-10.5
28,206,-9.5
28,242,-9.5
28,291,-9.0
28,831,-8.5
34,192,-8.5
34,629,-7.5
34,747,-6.5
34,749,-8.0
34,767,-6.0
34,930,-4.5
34,989,-8.5
142,113,-8.5
142,214,-9.5
142,242,-13.0
142,436,-13.5
142,442,-10.0
142,531,-10.0
142,595,-12.0
142,647,-11.0
142,702,-9.0
142,722,-12.5
142,879,-14.0
142,916,-12.5
142,922,-9.5
206,252,-7.0
206,256,-7.5
206,268,-10.5
206,410,-9.0
206,698,-9.5
206,710,-11.5
206,788,-8.5
206,851,-8.0
206,871,-12.0
206,982,-9.0
242,272,-10.5
242,283,-8.0
242,358,-9.0
242,381,-11.5
242,542,-11.5
242,554,-9.5
242,737,-9.0
242,849,-10.5
242,910,-6.0
291,75,-10.5
291,83,-10.0
291,101,-7.5
291,337,-8.5
291,431,-8.0
291,530,-9.0
291,689,-8.0
291,716,-8.0
291,770,-7.5
291,924,-11.0
291,989,-10.5
831,122,-10.0
831,341,-10.0
831,439,-10.0
831,491,-8.0
831,587,-9.5
831,601,-8.5
831,657,-12.5
831,955,-6.5
831,983,-10.5
29,45,-7.0
29,245,-12.0
29,289,-7.0
29,527,-13.0
29,542,-10.5
29,644,-10.0
29,793,-7.5
29,929,-8.5
29,995,-9.0
45,75,-7.0
45,175,-5.5
45,812,-6.5
45,879,-9.0
45,903,-4.5
245,209,-9.0
245,474,-10.0
245,535,-11.5
245,612,-9.5
245,766,-9.5
245,793,-9.5
245,805,-8.5
245,820,-12.5
245,854,-8.5
245,880,-13.0
245,915,-8.0
289,526,-6.0
289,776,-4.0
527,79,-16.5
527,214,-10.5
527,218,-11.0
527,276,-10.0
527,418,-12.5
527,496,-12.0
527,503,-12.0
527,590,-10.0
527,647,-12.0
527,670,-14.0
527,778,-9.5
527,919,-11.5
542,53,-9.5
542,201,-9.0
542,268,-10.0
542,442,-8.5
542,589,-8.0
542,755,-9.5
542,788,-8.0
542,949,-7.5
644,201,-8.5
644,329,-7.0
644,409,-8.5
644,426,-9.0
644,496,-9.0
644,608,-9.5
644,796,-10.0
644,797,-10.0
644,859,-11.5
644,861,-8.0
644,877,-13.0
793,174,-5.0
793,176,-5.5
793,440,-4.5
793,491,-5.5
793,625,-6.5
793,893,-7.5
929,82,-8.0
929,319,-7.5
929,356,-4.5
929,439,-8.5
929,508,-6.5
929,665,-6.5
929,697,-9.5
929,794,-7.0
929,864,-6.5
995,35,-10.0
995,64,-8.5
995,72,-9.5
995,201,-7.5
995,673,-9.0
995,978,-11.5
995,998,-7.0
30,44,-9.5
30,168,-6.0
30,228,-6.5
30,732,-5.5
30,777,-10.5
30,919,-6.5
44,228,-10.0
44,251,-11.0
44,308,-11.0
44,349,-9.0
44,358,-9.5
44,525,-8.0
44,603,-11.0
44,663,-9.5
44,707,-12.5
44,709,-10.5
44,861,-9.5
44,920,-9.5
168,263,-8.0
168,331,-7.5
168,649,-7.5
168,653,-7.0
168,722,-8.5
168,998,-6.0
228,187,-5.0
228,201,-7.0
228,456,-5.5
228,751,-6.5
228,789,-4.5
228,950,-11.0
732,448,-7.0
732,467,-5.0
732,879,-9.5
732,927,-6.5
732,975,-7.5
777,119,-10.5
777,253,-13.0
777,263,-12.5
777,307,-12.0
777,368,-11.5
777,622,-10.5
777,647,-11.5
777,656,-10.5
777,741,-9.5
777,747,-10.5
777,822,-9.5
777,889,-11.0
777,954,-9.5
919,88,-9.5
919,508,-6.5
919,645,-9.5
31,58,-4.5
31,452,-9.5
31,468,-7.0
31,478,-7.5
31,562,-8.0
31,595,-8.0
31,625,-7.0
31,874,-8.5
58,269,-4.5
58,294,-5.0
58,601,-5.0
58,676,-4.0
58,968,-5.5
452,191,-11.5
452,341,-11.5
452,382,-10.0
452,394,-10.0
452,397,-9.0
452,635,-14.5
452,681,-11.5
452,689,-9.0
452,851,-8.5
452,921,-10.0
452,998,-9.5
468,52,-5.0
468,110,-7.5
468,174,-6.5
468,251,-8.5
468,426,-8.0
468,428,-5.5
468,479,-7.0
468,888,-5.5
468,994,-6.5
478,79,-13.0
478,270,-7.5
478,329,-6.5
478,555,-6.5
478,576,-9.0
478,751,-7.5
478,836,-9.5
478,859,-11.0
478,864,-7.5
478,876,-8.0
562,116,-7.5
562,199,-10.0
562,271,-8.5
562,426,-9.0
562,555,-7.0
562,747,-8.0
562,827,-9.0
562,876,-8.5
595,257,-9.5
595,480,-9.0
595,569,-8.5
595,629,-9.0
595,795,-7.5
595,946,-8.0
595,961,-9.0
625,114,-6.5
625,134,-8.5
625,447,-7.5
625,500,-10.0
625,606,-7.0
625,633,-9.0
625,817,-8.0
625,820,-9.5
874,39,-8.0
874,43,-7.0
874,336,-12.5
874,351,-8.0
874,385,-8.5
874,399,-8.0
874,434,-10.5
874,613,-7.5
874,801,-9.0
874,845,-8.0
874,925,-11.0
32,476,-2.5
32,622,-4.0
32,961,-5.0
32,993,-3.5
476,173,-5.5
476,526,-5.5
476,626,-3.5
622,161,-5.5
622,368,-7.0
622,631,-7.0
622,672,-7.5
622,699,-8.5
622,700,-5.5
961,303,-8.0
961,552,-6.5
961,608,-8.5
961,797,-9.0
961,865,-5.5
961,886,-9.5
961,913,-6.5
961,949,-6.0
993,249,-9.5
993,283,-4.5
993,594,-4.5
993,776,-4.5
33,87,-6.5
33,167,-7.5
33,428,-5.5
33,436,-10.5
33,521,-9.0
33,630,-9.5
33,863,-8.5
33,879,-11.0
33,931,-7.5
87,79,-11.0
87,323,-5.0
87,388,-8.0
87,433,-3.0
87,733,-7.5
167,66,-7.5
167,505,-8.5
167,863,-8.0
167,946,-6.5
428,105,-4.0
428,192,-6.5
428,742,-5.0
428,845,-4.0
436,183,-10.0
436,297,-13.5
436,392,-9.0
436,424,-12.0
436,483,-9.0
436,560,-11.5
436,580,-11.5
436,767,-9.0
436,799,-10.0
436,827,-10.5
436,864,-9.5
436,926,-11.0
521,272,-9.5
521,286,-10.5
521,328,-8.0
521,619,-8.5
521,646,-8.5
521,932,-7.0
630,96,-8.0
630,155,-9.0
630,185,-8.5
630,238,-12.0
630,334,-11.0
630,720,-7.5
630,921,-9.0
630,925,-11.0
863,449,-8.5
863,500,-10.5
863,543,-8.5
863,603,-9.0
863,697,-10.5
863,783,-11.0
863,799,-8.0
863,849,-9.0
879,151,-9.0
879,229,-10.5
879,373,-11.0
879,467,-9.5
879,601,-10.5
879,836,-12.0
879,875,-11.5
879,926,-11.5
879,950,-14.5
931,141,-9.0
931,494,-8.0
931,552,-6.0
931,691,-7.5
931,699,-9.0
931,850,-7.0
192,62,-6.0
192,75,-10.0
192,176,-8.0
192,202,-7.5
192,334,-10.5
192,361,-8.0
192,378,-10.5
192,405,-8.0
192,490,-10.0
192,569,-8.5
629,48,-8.0
629,86,-7.0
629,94,-8.5
629,659,-8.5
629,976,-9.5
629,992,-8.5
747,72,-8.5
747,316,-5.0
747,357,-9.0
747,366,-6.5
747,391,-4.5
747,916,-8.5
749,154,-9.0
749,605,-12.0
749,730,-9.0
749,759,-11.5
749,822,-6.5
749,900,-8.0
767,95,-4.5
767,646,-6.0
767,770,-4.5
930,92,-2.5
930,253,-6.5
930,366,-4.5
930,797,-6.0
989,63,-8.5
989,94,-9.5
989,203,-7.5
989,251,-9.5
989,293,-8.5
989,307,-9.5
989,849,-9.5
989,888,-6.5
989,966,-8.5
35,284,-9.5
35,581,-9.0
35,650,-11.5
35,651,-11.5
35,657,-13.5
35,684,-9.5
35,755,-10.0
35,759,-13.0
35,821,-8.5
35,946,-9.0
35,971,-8.5
284,182,-4.0
284,535,-8.0
284,583,-5.0
284,620,-10.0
284,741,-5.5
284,939,-6.5
284,966,-7.0
581,139,-6.5
581,229,-6.5
581,281,-5.5
581,627,-5.5
581,801,-6.5
581,916,-8.5
581,959,-6.0
650,60,-8.0
650,145,-8.0
650,233,-8.5
650,611,-11.5
650,679,-9.0
650,750,-9.0
650,759,-12.5
650,783,-12.0
650,876,-9.0
650,926,-10.0
651,85,-9.5
651,160,-7.5
651,238,-12.0
651,332,-9.0
651,494,-10.0
651,540,-9.5
651,589,-8.0
651,731,-10.5
651,880,-11.5
657,81,-10.0
657,109,-11.0
657,129,-11.0
657,134,-12.0
657,464,-11.5
657,526,-11.5
657,611,-13.5
657,666,-11.5
657,740,-15.0
657,780,-11.5
657,890,-12.0
657,894,-11.0
657,897,-13.0
657,983,-13.0
684,482,-6.5
684,510,-7.5
684,599,-6.0
684,770,-5.5
684,786,-7.0
684,814,-5.0
684,996,-5.5
755,57,-7.5
755,113,-5.5
755,514,-7.5
755,576,-8.5
755,589,-6.5
759,113,-8.5
759,166,-11.0
759,209,-9.0
759,241,-11.5
759,267,-8.5
759,297,-14.0
759,315,-11.5
759,442,-10.0
759,514,-10.5
759,673,-12.0
759,707,-13.0
821,513,-9.0
821,673,-7.5
821,698,-6.0
821,709,-6.5
821,805,-4.0
946,63,-6.5
946,139,-6.5
946,268,-7.5
946,445,-8.0
971,201,-6.0
971,299,-7.5
971,308,-7.0
971,314,-6.0
971,757,-5.5
971,761,-5.5
36,48,-8.5
36,222,-8.0
36,258,-8.0
36,388,-10.0
36,421,-6.0
36,670,-10.5
36,839,-7.0
36,897,-10.0
48,63,-7.5
48,84,-8.5
48,689,-6.5
48,711,-12.0
222,191,-8.5
222,335,-5.5
222,339,-8.0
222,493,-5.0
222,579,-6.0
222,618,-6.0
222,982,-6.5
258,135,-4.5
258,270,-6.5
258,371,-7.0
258,702,-5.5
258,819,-5.5
258,851,-5.5
258,978,-11.0
388,525,-7.0
388,543,-9.5
388,563,-10.5
388,683,-6.0
388,692,-10.5
388,845,-8.0
388,859,-12.0
388,896,-9.0
388,969,-9.0
421,250,-6.0
421,464,-5.5
421,575,-4.5
421,619,-5.0
670,92,-7.5
670,151,-8.0
670,272,-10.5
670,422,-11.0
670,570,-9.5
670,605,-13.5
670,639,-12.0
670,797,-11.0
670,902,-11.0
670,928,-9.0
839,38,-4.0
839,236,-8.5
839,338,-5.5
839,534,-5.0
839,921,-6.0
897,46,-9.5
897,96,-8.0
897,294,-9.0
897,295,-11.0
897,510,-9.5
897,522,-9.0
897,563,-10.5
897,668,-9.0
897,748,-7.0
37,43,-4.0
37,238,-9.0
37,418,-7.0
37,836,-7.5
37,846,-7.0
37,916,-8.0
43,116,-4.0
43,380,-7.5
238,54,-7.5
238,265,-8.0
238,377,-9.5
238,443,-9.0
238,611,-12.5
238,876,-10.0
238,914,-9.5
418,365,-11.0
418,378,-10.0
418,552,-7.0
418,619,-8.0
418,631,-8.5
418,666,-8.5
418,712,-7.5
418,783,-11.0
836,152,-10.0
836,203,-7.5
836,639,-11.0
836,932,-7.0
836,950,-12.5
846,110,-8.0
846,295,-10.0
846,623,-5.5
846,633,-9.5
846,754,-7.0
846,802,-9.5
846,934,-7.5
916,103,-9.5
916,176,-8.5
916,544,-7.5
916,609,-8.0
916,697,-11.5
916,861,-8.5
916,967,-11.0
38,131,-4.5
38,494,-6.0
38,516,-5.0
38,621,-3.0
38,729,-6.0
131,332,-6.5
131,440,-5.0
131,556,-10.0
131,875,-7.5
131,925,-8.5
494,177,-7.5
494,181,-8.0
494,188,-8.0
494,544,-6.5
494,554,-8.0
494,579,-7.0
494,675,-7.0
494,707,-10.5
494,764,-8.5
516,230,-6.5
516,382,-7.0
516,573,-7.0
516,638,-6.5
516,791,-6.0
516,882,-6.5
516,934,-6.5
621,914,-4.5
621,934,-4.5
729,121,-8.0
729,163,-9.0
729,306,-8.5
729,317,-9.0
729,340,-9.0
729,381,-10.0
729,707,-10.5
729,911,-9.5
729,945,-6.0
39,438,-6.0
39,500,-8.5
39,620,-9.0
39,924,-8.0
438,297,-10.5
438,395,-7.0
438,490,-8.5
438,765,-8.0
500,246,-11.0
500,331,-10.5
500,406,-10.5
500,434,-11.0
500,550,-12.0
500,722,-11.5
500,787,-9.0
500,797,-11.0
500,920,-9.0
500,978,-13.5
620,370,-13.5
620,589,-9.0
620,705,-10.0
620,877,-14.5
620,922,-9.0
620,968,-10.5
924,106,-11.5
924,177,-8.5
924,286,-11.0
924,390,-12.0
924,610,-11.0
924,639,-11.5
924,808,-6.5
924,811,-11.0
924,828,-10.5
40,266,-3.5
40,354,-7.0
40,447,-5.5
40,483,-4.5
40,550,-8.0
40,603,-6.5
266,215,-3.0
266,653,-5.5
266,965,-5.0
354,88,-11.0
354,119,-8.0
354,151,-7.0
354,316,-7.0
354,391,-6.5
354,774,-7.0
354,905,-8.5
354,950,-12.5
354,976,-10.5
447,99,-7.0
447,189,-6.0
447,364,-8.5
447,392,-6.0
447,507,-7.0
447,806,-6.5
447,911,-8.5
483,306,-6.5
483,474,-5.5
483,502,-6.5
483,727,-5.5
550,82,-10.5
550,188,-9.5
550,249,-13.0
550,318,-6.5
550,324,-8.0
550,513,-12.5
550,518,-10.0
550,577,-10.0
550,593,-10.0
550,983,-11.5
603,152,-9.5
603,185,-7.5
603,276,-6.5
603,613,-6.5
603,743,-6.0
603,761,-7.5
603,963,-8.0
229,237,-7.0
229,296,-5.5
229,370,-10.5
229,675,-6.0
234,187,-6.0
234,236,-10.5
234,255,-9.5
234,330,-5.5
234,352,-7.0
234,466,-6.0
234,480,-8.5
234,490,-9.5
234,666,-8.5
234,712,-7.5
234,922,-7.0
268,213,-7.5
268,232,-8.5
268,319,-8.5
268,385,-7.5
268,442,-7.5
268,548,-4.5
606,335,-5.0
606,504,-5.0
606,571,-5.5
606,813,-8.5
606,950,-10.5
606,987,-6.0
700,237,-6.0
700,263,-7.5
700,306,-6.5
700,704,-6.0
700,905,-6.0
706,103,-8.0
706,424,-9.5
706,522,-7.5
706,847,-5.5
706,902,-9.0
706,905,-7.5
706,976,-9.5
766,410,-5.5
766,610,-8.0
766,901,-5.0
766,994,-5.0
774,352,-4.5
774,647,-6.0
774,950,-9.5
875,306,-8.5
875,733,-9.5
875,795,-7.0
875,812,-9.0
875,869,-6.5
42,96,-6.0
42,127,-7.0
42,215,-5.0
42,317,-8.0
42,601,-7.0
42,801,-7.0
42,917,-9.0
42,994,-6.0
96,88,-8.5
96,189,-5.0
96,352,-5.0
96,496,-6.5
96,859,-9.0
127,97,-6.0
127,209,-5.5
127,319,-7.5
127,348,-5.0
127,727,-6.5
127,890,-8.0
215,129,-5.0
215,333,-5.0
215,502,-5.5
317,376,-9.0
317,643,-7.0
317,790,-7.5
317,871,-10.5
317,932,-6.5
317,977,-5.0
601,91,-6.5
601,387,-5.0
601,533,-8.0
801,72,-9.0
801,115,-8.0
801,301,-6.0
801,429,-4.5
801,652,-6.0
801,754,-6.0
801,965,-7.0
917,119,-8.5
917,250,-10.0
917,331,-10.0
917,390,-12.0
917,411,-8.5
917,503,-9.5
917,653,-9.5
917,685,-11.5
917,722,-11.0
917,860,-11.5
917,968,-9.5
917,996,-7.5
994,122,-7.5
994,205,-8.0
994,283,-4.5
994,820,-8.0
994,890,-7.0
116,65,-5.5
116,119,-5.5
116,301,-5.0
116,380,-8.5
380,124,-7.5
380,190,-7.0
380,255,-11.0
380,303,-10.0
380,381,-11.5
380,448,-10.5
380,507,-9.5
380,673,-11.0
380,842,-8.5
380,849,-10.5
380,950,-13.5
251,78,-8.5
251,152,-9.5
251,493,-6.0
251,510,-8.5
251,556,-11.5
251,792,-8.0
251,967,-10.0
308,145,-7.0
308,339,-9.0
308,526,-8.5
308,557,-7.5
308,799,-8.0
308,805,-6.0
308,811,-10.0
349,314,-6.0
349,460,-3.0
349,514,-6.0
349,828,-7.5
349,969,-6.0
358,75,-8.0
358,113,-4.5
358,115,-7.5
358,398,-6.0
358,580,-8.0
525,134,-6.0
525,406,-6.0
525,750,-5.0
525,817,-5.5
663,69,-6.5
663,156,-4.5
663,208,-6.0
663,230,-6.0
663,376,-7.5
663,398,-6.0
663,937,-5.0
663,944,-8.5
707,155,-9.5
707,255,-11.0
707,390,-12.5
707,409,-9.5
707,709,-10.0
707,887,-8.5
707,944,-11.5
709,402,-8.5
709,554,-7.5
709,583,-5.5
709,626,-6.0
709,685,-10.0
861,262,-8.0
861,343,-6.0
861,762,-6.5
861,783,-9.5
861,949,-5.0
920,517,-4.5
920,611,-9.0
920,788,-5.5
920,934,-6.0
75,144,-8.5
75,203,-7.5
75,337,-8.0
75,471,-8.5
75,626,-7.0
75,668,-8.5
75,894,-8.5
75,898,-9.0
175,255,-8.5
175,536,-6.5
175,652,-6.0
175,813,-9.0
175,963,-7.0
812,227,-6.5
812,253,-10.0
812,479,-7.5
812,576,-9.0
812,693,-6.5
812,748,-6.0
812,786,-8.0
903,254,-7.5
903,255,-7.5
903,364,-7.5
903,390,-9.0
903,577,-6.5
903,802,-7.5
46,69,-7.5
46,257,-8.5
46,366,-7.5
46,425,-7.0
46,671,-11.0
46,762,-7.5
46,769,-8.5
69,551,-6.0
69,719,-7.0
69,754,-6.0
69,845,-6.0
69,857,-5.5
69,955,-5.0
257,221,-7.5
257,365,-11.0
257,385,-7.5
257,735,-6.5
257,797,-9.5
257,868,-6.0
257,964,-9.0
366,123,-6.5
366,250,-8.0
366,286,-9.0
366,575,-6.5
366,976,-9.0
425,171,-5.0
425,190,-4.0
425,275,-6.0
425,576,-7.5
425,692,-8.0
425,722,-8.5
671,67,-10.5
671,250,-11.5
671,253,-12.5
671,508,-10.0
671,522,-10.5
671,716,-9.5
671,850,-10.5
671,887,-9.5
671,923,-11.0
671,992,-11.5
762,173,-7.5
762,319,-7.5
762,422,-8.5
762,727,-6.5
762,786,-7.0
762,893,-8.5
762,966,-7.0
769,294,-8.0
769,569,-8.0
769,632,-8.0
769,665,-7.5
769,668,-8.0
769,688,-8.0
769,704,-8.0
85,54,-5.0
85,373,-8.0
85,654,-5.0
85,737,-7.0
85,752,-7.0
85,756,-4.0
85,968,-8.0
159,254,-9.5
159,563,-9.5
159,592,-7.5
159,727,-7.5
159,860,-10.5
159,878,-7.0
159,975,-9.5
159,977,-5.0
276,699,-7.5
471,121,-7.0
471,328,-6.5
471,553,-4.5
471,720,-5.5
471,942,-3.5
471,982,-6.5
561,109,-9.0
561,173,-9.5
561,299,-10.5
561,373,-9.5
561,659,-10.0
561,906,-10.0
561,936,-9.5
859,213,-9.5
859,357,-12.5
859,523,-12.5
859,530,-10.0
859,741,-8.5
859,785,-11.0
859,900,-10.0
859,984,-8.0
909,110,-8.0
909,356,-5.5
909,496,-8.5
909,507,-8.0
909,635,-12.5
909,880,-10.5
909,966,-8.0
63,281,-6.0
63,341,-8.5
63,503,-7.5
63,558,-5.0
63,624,-7.5
84,86,-7.5
84,114,-7.0
84,252,-5.5
84,480,-8.5
84,559,-9.0
84,624,-8.5
84,810,-8.0
84,895,-8.0
84,969,-8.0
689,82,-7.0
689,587,-7.0
689,675,-5.0
689,813,-8.0
689,896,-6.0
711,123,-11.0
711,154,-12.5
711,293,-11.5
711,314,-11.5
711,371,-11.5
711,424,-13.5
711,464,-12.0
711,469,-12.0
711,479,-11.0
711,486,-10.5
711,524,-11.5
711,733,-13.0
711,835,-15.0
711,898,-12.0
49,62,-5.0
49,237,-7.5
49,256,-5.5
49,407,-6.5
49,443,-6.5
49,484,-6.5
49,760,-7.0
62,352,-3.5
62,902,-6.0
237,109,-7.0
237,467,-6.0
237,635,-11.5
256,141,-7.0
256,236,-7.5
256,697,-7.5
407,106,-8.5
407,417,-5.0
407,484,-5.0
443,331,-7.0
443,600,-8.0
443,791,-5.0
443,807,-5.5
443,864,-5.5
484,214,-5.0
484,218,-5.5
484,502,-6.5
484,745,-7.5
484,877,-10.5
484,937,-4.5
760,70,-7.5
760,185,-6.0
760,302,-5.5
760,523,-9.0
50,205,-8.0
50,333,-6.0
50,351,-5.0
50,610,-8.0
50,842,-5.0
205,191,-10.5
205,194,-8.5
205,370,-12.5
205,482,-8.5
205,552,-8.0
205,792,-9.0
205,878,-8.0
205,900,-9.0
333,173,-7.5
333,490,-8.5
333,652,-6.0
333,841,-5.5
333,850,-7.0
351,141,-8.0
351,390,-9.0
351,716,-5.0
351,799,-6.0
351,810,-6.0
351,992,-7.0
610,135,-6.5
610,188,-9.0
610,479,-8.5
610,505,-10.5
610,674,-9.0
610,797,-10.5
610,890,-10.0
610,922,-8.0
842,72,-8.0
842,352,-5.0
842,592,-5.5
842,765,-7.0
842,975,-7.5
64,139,-8.0
64,183,-8.0
64,423,-11.0
64,463,-10.0
64,641,-8.0
64,649,-9.0
64,834,-6.5
214,423,-9.0
214,802,-7.5
214,886,-8.0
615,397,-4.0
615,963,-5.0
794,517,-5.0
794,745,-8.5
794,820,-9.0
794,936,-7.5
807,508,-6.0
807,638,-6.0
807,869,-5.0
828,70,-9.5
828,262,-10.0
828,498,-7.5
828,502,-9.0
828,598,-6.5
828,883,-7.0
905,73,-6.5
905,327,-6.5
905,638,-6.5
905,911,-8.5
911,52,-6.0
911,340,-9.5
911,681,-10.0
911,692,-10.0
911,757,-8.0
911,915,-6.0
983,322,-8.5
983,365,-12.0
983,392,-8.0
983,445,-10.5
983,664,-8.0
983,783,-12.0
983,926,-10.0
52,67,-4.5
67,79,-12.0
67,691,-7.5
67,880,-9.5
67,902,-8.5
53,181,-7.5
53,344,-7.0
53,557,-7.0
53,580,-9.0
53,605,-11.5
53,737,-7.0
53,954,-6.0
181,141,-9.0
181,199,-8.5
181,337,-6.5
181,397,-6.0
181,577,-7.5
344,283,-5.0
344,337,-6.0
344,375,-7.0
344,461,-4.5
344,466,-4.5
344,857,-5.0
557,151,-5.0
557,250,-7.5
557,274,-8.5
557,318,-3.5
557,765,-7.5
557,975,-8.0
580,173,-9.0
580,199,-10.0
580,668,-8.5
580,681,-10.0
580,906,-9.5
580,926,-9.5
580,937,-7.0
605,94,-12.0
605,151,-9.5
605,255,-12.5
605,385,-10.5
605,480,-11.5
605,619,-11.0
605,632,-11.0
605,764,-11.5
605,869,-9.5
605,954,-9.5
605,984,-9.0
737,177,-6.0
737,191,-8.0
737,263,-8.0
737,309,-4.0
737,743,-4.5
954,244,-5.5
954,375,-6.0
954,705,-5.5
54,98,-3.5
54,122,-6.0
54,477,-3.5
98,79,-11.0
98,409,-6.0
122,141,-10.5
122,156,-6.5
122,187,-6.5
122,236,-11.0
122,334,-10.5
122,442,-8.0
122,449,-9.0
122,742,-8.5
122,795,-7.5
122,987,-8.0
477,221,-5.5
477,322,-5.5
477,338,-5.5
477,764,-6.5
399,271,-6.0
399,809,-7.0
422,106,-11.0
422,361,-8.0
422,392,-7.5
422,584,-8.5
422,692,-10.0
422,748,-6.5
422,867,-6.0
868,420,-4.0
868,780,-5.5
56,71,-6.5
56,293,-8.0
56,311,-5.0
56,412,-5.5
56,431,-7.0
56,462,-5.5
56,587,-9.0
56,806,-7.5
56,835,-11.5
56,901,-7.0
71,485,-6.0
71,504,-4.0
71,563,-7.0
71,693,-4.0
71,896,-5.5
293,444,-7.0
293,503,-7.5
293,669,-5.0
293,943,-6.5
311,241,-5.0
311,524,-4.0
412,624,-5.0
412,819,-3.0
431,109,-6.0
462,65,-4.0
462,166,-5.0
462,797,-6.0
462,936,-5.0
587,141,-10.0
587,319,-8.5
587,332,-8.0
587,584,-8.0
587,611,-10.5
587,658,-9.0
587,699,-10.0
587,936,-8.5
806,81,-5.5
806,236,-9.0
806,813,-8.5
806,965,-6.5
835,190,-8.0
835,292,-11.5
835,319,-11.0
835,398,-10.0
835,458,-10.5
835,573,-10.5
835,656,-10.0
835,726,-10.5
835,987,-10.0
901,397,-5.0
901,575,-5.5
901,802,-7.5
57,99,-7.0
57,673,-8.5
57,814,-5.0
57,939,-6.5
99,108,-4.5
99,139,-7.0
99,252,-4.5
99,330,-4.5
99,406,-8.0
99,860,-9.5
673,174,-7.5
673,370,-12.0
673,376,-9.5
673,482,-8.0
673,556,-12.0
673,710,-10.5
814,556,-8.5
814,685,-7.5
814,827,-5.5
939,114,-5.5
939,343,-6.0
939,577,-7.0
939,592,-6.0
939,860,-9.0
939,877,-11.0
269,213,-6.0
269,384,-2.5
269,469,-7.0
269,556,-10.0
269,804,-6.0
294,321,-5.5
294,398,-6.5
294,560,-8.5
294,674,-7.0
294,967,-9.0
676,103,-6.5
676,627,-5.0
676,740,-10.0
676,754,-5.0
968,297,-11.0
968,368,-8.0
968,635,-12.0
968,698,-7.5
302,341,-7.5
302,558,-4.0
302,653,-6.5
505,83,-9.5
505,86,-8.0
505,410,-8.0
505,470,-9.5
505,551,-7.5
505,597,-9.0
505,705,-8.5
505,764,-9.0
611,230,-9.0
611,343,-9.0
611,404,-8.5
611,439,-11.0
611,593,-10.0
611,883,-8.0
60,73,-5.5
60,571,-5.0
60,688,-6.0
73,255,-8.0
73,341,-8.0
73,533,-7.5
73,664,-5.5
73,761,-6.0
571,91,-5.5
571,241,-7.0
571,526,-6.5
571,553,-3.5
688,303,-7.5
688,331,-8.0
688,334,-9.0
688,535,-8.0
688,574,-5.5
688,825,-6.0
688,847,-5.0
61,361,-6.0
61,579,-5.5
61,597,-7.0
61,809,-7.5
361,559,-7.5
361,618,-5.5
361,757,-6.0
361,873,-5.5
579,199,-7.5
579,959,-5.5
597,158,-7.5
597,392,-6.5
597,906,-8.5
597,980,-9.5
809,102,-7.0
809,161,-7.0
809,398,-7.5
809,582,-7.5
809,626,-6.5
809,730,-9.0
809,761,-7.5
352,262,-7.5
902,339,-9.5
902,493,-6.5
902,569,-8.5
902,590,-7.0
902,825,-7.5
902,880,-11.0
902,998,-8.0
281,78,-6.5
281,106,-8.5
281,353,-5.0
281,405,-5.5
281,461,-4.0
281,870,-2.5
341,117,-8.5
341,172,-7.0
341,199,-10.0
341,244,-8.5
341,434,-10.0
341,594,-7.0
341,773,-6.0
503,445,-9.0
503,466,-5.5
503,575,-7.0
503,864,-7.0
558,254,-6.5
558,659,-6.0
558,679,-5.0
624,196,-9.0
624,254,-9.0
624,582,-7.0
624,654,-5.0
624,894,-7.5
139,378,-9.0
139,641,-7.0
139,923,-7.5
183,334,-9.0
183,619,-7.0
183,845,-6.0
183,945,-5.0
183,965,-7.0
183,969,-7.0
423,209,-8.5
423,292,-11.0
423,301,-9.0
423,322,-9.5
423,324,-8.5
423,336,-13.5
423,523,-12.5
423,546,-10.5
423,646,-10.0
423,982,-9.5
463,430,-6.5
463,540,-9.5
463,607,-7.5
463,633,-10.5
463,860,-11.5
463,880,-11.5
463,886,-11.0
463,927,-9.5
463,998,-8.5
641,70,-8.0
641,163,-8.0
641,230,-6.5
641,328,-6.5
641,464,-7.5
641,599,-6.0
641,612,-6.0
641,731,-8.5
649,72,-10.0
649,79,-13.0
649,109,-8.0
649,207,-5.0
649,556,-11.5
649,633,-9.5
649,745,-9.5
649,913,-7.0
834,94,-6.5
834,133,-4.5
834,172,-4.0
834,619,-5.5
834,943,-5.0
65,224,-4.0
65,227,-5.0
65,249,-10.0
65,343,-6.0
224,286,-6.5
224,647,-5.0
227,253,-7.5
227,553,-3.0
249,155,-10.5
249,232,-11.0
249,250,-11.5
249,262,-12.0
249,390,-13.5
249,514,-10.5
249,726,-10.5
249,811,-12.5
249,841,-9.0
249,888,-8.5
249,965,-10.5
343,141,-8.5
343,338,-6.0
343,675,-5.5
66,103,-8.0
66,381,-9.5
66,554,-7.5
66,635,-12.0
103,163,-8.5
103,382,-7.5
103,429,-5.0
103,434,-9.0
103,913,-6.5
103,953,-9.0
381,202,-8.0
381,244,-9.0
381,271,-9.0
381,410,-8.5
381,430,-6.5
381,743,-7.0
381,780,-9.5
381,978,-13.0
554,699,-9.0
554,710,-9.0
554,856,-5.5
554,865,-5.0
635,509,-10.5
635,600,-13.5
635,639,-14.0
635,697,-14.0
635,731,-13.0
635,799,-11.5
635,811,-13.5
635,822,-10.0
635,877,-16.0
635,896,-11.5
635,898,-12.0
79,218,-11.5
79,271,-12.0
79,292,-13.0
79,543,-12.5
79,594,-10.5
79,791,-11.0
79,957,-11.0
79,976,-14.0
691,424,-9.5
880,395,-9.5
880,410,-9.0
880,492,-9.5
880,639,-12.0
880,652,-8.5
880,810,-9.5
160,370,-9.0
160,535,-6.5
160,882,-5.0
377,345,-5.0
377,448,-7.5
377,750,-6.5
409,274,-9.0
409,482,-6.5
409,513,-10.0
409,699,-9.0
409,786,-7.0
409,889,-7.0
716,299,-7.5
716,560,-7.5
716,664,-5.0
716,896,-6.0
857,101,-4.0
857,187,-3.5
857,275,-5.0
857,851,-4.0
551,196,-7.5
551,267,-4.0
551,316,-4.5
551,964,-7.0
719,140,-5.5
719,163,-8.0
719,524,-7.0
719,847,-5.0
719,959,-6.5
754,110,-6.0
754,647,-6.5
845,301,-5.0
845,727,-5.5
955,232,-5.5
955,253,-7.0
955,802,-6.5
70,315,-9.0
70,513,-11.0
70,653,-8.5
70,705,-8.0
70,965,-8.0
315,72,-10.0
315,173,-8.5
315,178,-7.0
315,194,-7.5
315,440,-6.5
315,614,-7.5
315,656,-7.5
315,854,-6.0
315,864,-7.5
513,121,-10.0
513,246,-11.5
513,437,-10.5
513,486,-9.0
513,685,-12.5
513,810,-10.0
513,890,-11.0
513,927,-10.5
653,134,-8.5
653,382,-7.5
653,792,-7.5
705,133,-6.0
705,236,-9.5
705,322,-6.5
965,158,-7.0
965,328,-6.5
485,105,-6.5
485,117,-7.5
485,196,-9.0
485,336,-11.0
485,536,-7.0
485,698,-7.5
485,817,-8.0
504,241,-6.5
504,975,-7.0
563,152,-10.0
563,163,-9.5
563,541,-10.5
563,978,-12.5
693,110,-5.5
693,474,-5.0
693,712,-5.0
693,886,-7.5
693,977,-2.5
896,785,-8.0
896,820,-9.0
896,958,-4.5
72,318,-6.0
72,458,-9.0
72,479,-8.5
72,559,-10.0
72,648,-9.0
72,666,-9.5
72,889,-9.0
318,802,-5.5
458,124,-5.0
458,191,-8.5
458,508,-6.5
458,541,-9.0
458,871,-9.5
458,876,-7.0
479,101,-5.0
479,669,-4.5
479,764,-7.0
559,161,-7.0
559,306,-8.5
559,379,-9.0
559,417,-7.0
559,865,-6.0
559,967,-10.0
648,144,-7.0
648,155,-7.0
648,722,-9.0
648,804,-6.5
648,895,-7.0
666,370,-11.0
666,406,-8.5
666,469,-8.0
666,751,-7.0
889,417,-6.0
889,470,-8.0
255,735,-7.0
255,950,-12.5
533,218,-7.5
533,267,-6.0
533,573,-8.0
533,750,-8.0
533,792,-8.0
533,987,-7.5
664,190,-3.5
664,469,-6.5
664,593,-6.5
664,607,-4.5
761,94,-7.5
761,203,-5.5
761,522,-6.5
761,727,-6.0
306,174,-6.5
306,744,-4.5
316,254,-7.0
316,292,-6.5
411,91,-6.0
411,402,-7.5
411,415,-4.5
411,672,-7.5
411,887,-5.5
662,95,-2.5
681,254,-10.0
681,297,-12.0
681,456,-7.0
681,873,-7.5
681,934,-8.0
681,969,-8.5
808,590,-3.0
808,733,-6.0
987,569,-6.5
987,697,-9.0
144,82,-8.0
144,271,-7.0
144,286,-9.0
144,420,-6.0
144,740,-11.0
203,185,-5.5
337,331,-7.5
337,884,-4.5
626,332,-5.5
668,699,-9.0
668,942,-3.5
894,155,-7.0
894,171,-5.5
894,804,-6.5
894,913,-6.0
898,199,-9.0
898,246,-9.0
898,618,-6.5
898,638,-7.0
898,692,-9.0
898,750,-7.5
254,514,-8.5
254,748,-6.5
254,817,-9.0
254,926,-9.5
254,996,-7.0
420,274,-8.0
420,415,-4.0
963,397,-6.0
963,541,-9.0
963,790,-6.5
975,196,-10.0
975,455,-10.0
975,541,-10.5
975,723,-6.0
78,81,-6.5
78,156,-5.5
78,253,-9.5
78,395,-7.5
78,614,-7.0
78,849,-8.5
78,871,-10.0
81,158,-6.0
81,244,-6.0
81,297,-9.5
81,424,-8.0
156,83,-6.0
156,402,-6.0
253,336,-12.5
253,469,-9.5
253,631,-9.5
253,849,-10.0
253,945,-7.0
395,213,-6.5
395,474,-6.5
395,498,-6.0
614,297,-10.0
849,244,-8.0
849,573,-8.0
849,702,-6.5
849,822,-6.5
871,161,-8.5
871,163,-10.5
871,166,-10.0
871,417,-8.5
871,783,-12.5
871,854,-7.5
871,865,-7.5
218,152,-8.0
218,645,-9.0
218,765,-7.5
218,893,-8.0
271,221,-6.5
271,608,-8.0
271,659,-8.0
292,102,-7.0
292,319,-8.5
292,466,-6.0
292,638,-7.5
292,915,-5.5
292,935,-6.0
543,119,-7.0
543,201,-7.5
543,330,-5.0
543,415,-5.5
543,426,-8.0
543,740,-11.5
594,86,-5.0
594,469,-6.0
594,708,-3.5
594,921,-5.5
791,299,-7.5
791,371,-6.0
791,883,-4.5
791,950,-10.0
957,328,-5.5
957,394,-6.0
957,469,-6.5
957,722,-8.0
957,927,-6.5
976,199,-10.5
976,410,-8.5
976,490,-10.5
976,502,-9.5
976,555,-7.5
976,740,-13.0
976,992,-10.0
592,137,-6.5
592,378,-8.5
592,607,-5.0
592,950,-10.5
717,88,-10.0
717,357,-10.0
717,448,-8.5
717,535,-8.5
717,567,-7.5
717,718,-5.5
717,723,-5.0
717,785,-8.5
811,141,-11.0
811,221,-8.5
811,334,-11.0
811,387,-7.0
811,692,-10.5
811,699,-11.0
158,88,-9.5
158,433,-4.0
158,444,-7.0
158,461,-5.0
158,591,-4.0
244,319,-7.5
244,402,-8.0
244,695,-5.0
297,433,-7.5
297,453,-11.0
297,510,-11.0
297,522,-10.5
297,523,-13.0
297,757,-10.0
297,953,-12.0
424,91,-8.5
424,263,-10.5
424,887,-8.0
424,922,-8.0
424,964,-10.0
82,137,-8.0
82,262,-9.5
82,444,-8.0
82,574,-6.5
137,194,-6.5
137,295,-9.0
137,730,-8.0
137,877,-11.5
137,888,-5.0
262,336,-12.0
262,339,-9.5
262,376,-9.5
262,600,-10.5
262,639,-11.0
262,690,-7.5
262,841,-7.0
444,275,-6.5
444,645,-9.5
444,740,-11.0
444,802,-8.5
444,860,-9.5
444,914,-6.5
574,105,-4.5
574,207,-2.5
574,645,-8.0
574,819,-4.0
83,465,-7.5
83,546,-8.5
83,674,-8.0
83,683,-5.0
83,819,-6.5
465,745,-8.0
465,765,-7.5
465,856,-5.0
546,449,-8.0
546,530,-7.5
546,722,-9.5
546,978,-11.5
546,982,-7.0
674,154,-8.0
674,202,-6.0
674,534,-6.0
674,787,-6.5
674,792,-7.0
683,508,-3.5
683,569,-4.0
819,340,-6.5
86,208,-6.0
86,246,-8.0
86,335,-5.0
86,757,-6.0
86,877,-11.0
114,270,-5.5
114,335,-4.5
114,928,-5.5
114,964,-7.0
252,658,-5.5
480,464,-8.0
480,523,-10.0
480,856,-6.0
810,560,-8.5
810,593,-7.5
810,599,-6.0
810,945,-5.0
895,151,-5.5
895,178,-6.0
895,590,-5.5
895,964,-8.0
373,176,-7.0
373,303,-8.0
373,336,-11.0
373,870,-4.0
654,135,-2.0
654,321,-3.0
752,239,-6.5
752,402,-7.5
752,756,-3.0
752,996,-5.0
756,356,-1.0
208,126,-5.0
208,283,-5.0
208,492,-6.5
208,967,-8.5
246,110,-8.5
246,166,-9.0
246,332,-8.5
246,345,-7.0
246,535,-9.5
246,567,-8.5
246,980,-10.5
335,95,-4.0
335,117,-5.5
335,376,-6.5
757,455,-8.0
757,847,-4.5
757,870,-3.0
757,926,-7.5
877,178,-10.5
877,434,-13.0
877,453,-12.0
877,474,-11.0
877,518,-12.0
877,647,-12.0
877,652,-10.5
323,263,-7.5
323,267,-4.0
323,733,-7.5
433,486,-3.0
733,541,-10.5
733,934,-8.0
88,102,-8.5
88,120,-9.0
88,295,-11.5
88,509,-8.5
88,534,-8.5
88,612,-8.5
88,873,-8.5
88,876,-9.5
88,922,-8.5
102,556,-9.5
102,643,-5.0
102,796,-7.5
102,825,-5.0
120,178,-5.5
120,339,-7.5
295,123,-8.5
295,188,-9.0
295,202,-8.0
295,445,-10.5
295,455,-10.5
509,307,-7.0
509,514,-6.0
509,639,-8.5
509,656,-5.5
534,364,-7.5
534,492,-6.0
534,763,-3.5
534,944,-8.0
612,163,-7.0
612,456,-4.5
612,944,-8.0
873,172,-4.5
873,608,-7.0
873,934,-5.5
873,978,-10.0
876,665,-6.5
922,492,-6.0
922,544,-4.5
239,176,-6.5
239,330,-4.5
239,340,-8.0
239,639,-9.5
239,697,-9.5
239,750,-7.0
364,130,-7.5
364,773,-6.0
364,900,-8.5
364,959,-8.0
486,370,-9.5
486,405,-5.5
486,900,-6.0
958,221,-4.0
958,886,-6.5
91,95,-5.0
91,699,-8.5
91,796,-8.0
95,357,-8.0
95,410,-5.0
95,652,-4.5
699,324,-7.5
699,517,-7.0
699,609,-8.0
796,274,-10.5
796,376,-9.5
796,440,-7.0
796,491,-8.0
796,599,-7.5
796,618,-7.5
796,639,-11.0
92,105,-4.0
92,353,-4.0
92,964,-6.0
105,108,-3.5
105,270,-5.5
105,319,-6.5
105,567,-6.0
353,324,-4.5
353,437,-6.5
353,710,-8.0
353,740,-10.0
964,375,-8.5
964,522,-8.0
964,578,-6.0
261,140,-5.5
261,196,-8.5
261,365,-10.0
261,498,-6.0
261,818,-5.5
261,906,-8.0
261,944,-9.0
261,966,-7.0
272,94,-9.0
272,445,-9.5
272,522,-8.0
272,792,-8.0
272,935,-6.0
482,448,-7.5
482,780,-7.0
482,967,-8.5
522,980,-9.0
613,126,-4.0
613,130,-4.5
613,570,-5.5
613,944,-7.5
712,275,-6.0
712,345,-5.0
712,893,-8.0
722,390,-12.0
722,510,-9.5
722,966,-9.0
742,236,-9.5
742,672,-8.0
742,900,-7.0
94,356,-5.5
94,370,-11.5
94,496,-8.5
370,327,-10.0
370,357,-13.0
370,404,-9.5
370,508,-10.0
370,751,-10.0
370,886,-12.5
496,303,-8.0
496,332,-7.5
496,998,-7.0
357,385,-9.0
357,507,-9.5
357,540,-10.0
357,632,-9.5
357,925,-11.5
410,406,-7.5
410,492,-6.5
652,101,-4.5
652,679,-6.0
189,129,-6.0
189,584,-6.0
189,710,-8.0
97,378,-8.0
97,593,-6.5
97,632,-6.0
97,656,-5.5
97,745,-7.5
378,404,-8.0
378,573,-9.0
378,600,-11.0
378,776,-7.5
378,992,-10.0
593,283,-6.0
593,449,-8.0
632,117,-7.0
632,387,-5.0
632,442,-6.5
632,847,-5.0
632,978,-11.0
656,152,-8.0
656,166,-7.0
656,780,-7.0
656,891,-5.0
745,417,-7.5
745,449,-9.0
745,813,-10.5
745,927,-9.0
108,368,-5.0
330,698,-4.5
406,172,-6.5
406,176,-7.5
406,365,-11.0
406,445,-9.5
860,708,-7.5
860,799,-9.5
860,932,-8.0
101,177,-5.0
101,219,-4.5
177,517,-4.5
177,697,-9.0
177,751,-6.0
219,440,-4.5
219,795,-5.0
219,923,-6.5
219,925,-8.0
556,129,-10.5
556,523,-13.0
556,778,-8.5
643,163,-7.0
643,589,-5.0
643,718,-4.0
643,770,-4.5
825,394,-6.0
825,402,-7.0
825,404,-5.0
825,541,-8.0
163,141,-10.0
163,645,-10.5
163,820,-10.0
382,510,-7.5
382,645,-9.5
429,119,-4.0
429,953,-6.0
434,134,-9.5
434,274,-10.5
434,336,-12.0
434,439,-10.0
434,524,-8.5
434,770,-7.0
434,910,-5.0
913,391,-4.0
913,584,-6.0
953,263,-10.0
953,307,-9.5
953,371,-8.5
953,659,-9.5
953,788,-7.5
953,802,-10.0
953,943,-8.0
171,286,-7.5
171,797,-7.0
171,984,-3.5
274,188,-9.0
274,329,-7.5
274,888,-7.0
437,115,-8.5
437,638,-7.0
695,679,-5.0
695,998,-4.5
270,685,-9.0
270,690,-5.5
270,890,-7.5
319,514,-7.5
319,820,-9.5
567,327,-6.5
567,427,-4.0
567,576,-8.0
567,731,-8.5
567,869,-5.5
106,152,-11.0
106,518,-10.0
106,584,-9.5
106,900,-9.5
152,692,-10.0
518,134,-8.5
518,430,-5.0
518,609,-6.5
518,720,-6.0
518,803,-7.0
518,926,-8.5
584,936,-7.5
584,944,-9.0
900,233,-6.5
900,314,-7.0
379,526,-8.5
379,740,-12.0
379,778,-6.0
379,893,-9.5
402,191,-9.5
402,345,-6.5
402,704,-8.0
402,906,-9.0
802,531,-8.0
802,776,-7.0
802,820,-10.5
368,134,-8.5
368,154,-8.5
368,908,-5.0
109,121,-7.0
109,339,-8.0
109,540,-7.5
109,813,-9.0
121,278,-5.0
121,730,-8.0
121,893,-8.5
339,119,-7.5
339,638,-7.5
540,296,-6.0
540,710,-9.5
540,786,-7.5
540,850,-7.5
540,886,-9.5
540,937,-6.0
813,123,-8.5
813,426,-9.5
813,783,-12.0
813,799,-9.0
813,818,-7.5
813,945,-7.0
110,286,-9.0
286,578,-7.0
286,607,-7.5
286,631,-9.5
286,685,-11.5
199,233,-8.0
199,321,-7.0
199,582,-8.0
199,627,-7.5
199,841,-7.0
236,154,-10.5
236,453,-10.0
236,524,-9.5
492,328,-6.5
492,526,-7.5
492,803,-6.5
906,173,-8.5
906,201,-8.0
906,391,-6.0
906,448,-9.0
906,619,-8.0
891,176,-5.0
113,336,-8.5
336,633,-12.0
336,690,-9.5
336,788,-9.5
336,998,-10.0
928,130,-5.5
928,536,-6.0
115,129,-8.0
115,467,-7.0
115,608,-9.0
115,618,-7.0
115,672,-9.0
115,893,-9.5
115,950,-12.0
129,117,-7.0
129,130,-6.0
129,221,-6.5
129,531,-6.5
129,878,-6.0
467,135,-3.5
467,576,-7.0
608,618,-7.0
608,672,-9.0
672,607,-6.5
672,851,-6.5
893,133,-7.5
893,386,-6.0
893,948,-8.0
950,789,-8.5
301,783,-9.0
117,575,-6.5
117,710,-9.0
575,841,-5.0
710,174,-8.0
710,514,-9.0
710,517,-7.0
710,591,-6.0
710,679,-9.0
710,944,-11.0
544,647,-6.0
544,740,-9.5
178,665,-5.5
178,925,-8.0
278,172,-3.5
278,307,-6.0
278,720,-3.5
278,763,-2.5
730,303,-8.5
730,526,-8.5
730,731,-9.5
730,822,-6.5
141,507,-9.0
187,502,-5.5
334,188,-9.0
334,340,-10.0
334,744,-6.0
334,799,-9.0
334,887,-8.0
442,174,-5.5
449,692,-9.0
449,817,-8.0
449,890,-8.5
795,185,-5.5
795,440,-4.5
795,921,-6.0
123,490,-8.0
123,679,-6.5
490,213,-8.0
490,493,-6.5
490,690,-7.5
490,697,-11.0
490,915,-6.0
331,583,-6.0
365,299,-11.5
365,390,-13.0
365,427,-7.0
365,740,-14.0
365,804,-9.5
404,338,-5.5
404,966,-6.0
980,460,-6.0
980,510,-9.5
980,589,-8.0
980,675,-8.0
980,763,-6.5
980,789,-6.5
126,134,-6.5
126,250,-6.5
126,665,-5.0
126,783,-8.5
250,328,-7.5
250,453,-8.5
250,667,-5.0
250,948,-7.5
783,765,-11.0
783,878,-9.0
783,925,-12.0
209,392,-4.5
209,658,-6.5
348,185,-4.5
348,426,-5.5
348,785,-6.0
727,230,-6.0
727,426,-7.0
890,299,-9.5
890,385,-7.5
890,803,-7.5
890,984,-6.0
309,631,-5.0
130,741,-4.5
221,265,-4.5
531,623,-4.0
531,718,-4.5
878,154,-7.0
878,582,-5.5
332,263,-8.5
332,883,-5.5
440,818,-4.0
925,154,-10.0
925,230,-8.5
345,166,-6.0
883,658,-6.5
133,669,-4.0
133,751,-5.5
133,765,-7.0
669,173,-5.5
669,470,-6.0
751,750,-6.5
751,923,-7.0
765,524,-8.0
765,748,-6.0
135,600,-6.5
600,191,-10.5
600,233,-8.5
600,577,-9.5
600,690,-8.0
600,731,-10.5
600,818,-7.5
600,822,-7.5
600,936,-9.5
552,417,-5.0
552,914,-5.5
578,698,-5.0
780,869,-6.0
797,787,-8.0
194,307,-7.5
194,817,-7.0
194,967,-8.5
888,646,-5.0
324,646,-5.5
570,375,-7.5
570,535,-8.0
818,375,-6.0
923,307,-8.5
923,376,-8.5
923,743,-5.5
140,589,-4.5
140,591,-2.5
591,232,-4.5
507,321,-5.5
507,340,-8.0
702,646,-5.5
702,884,-3.5
536,405,-6.0
536,530,-6.5
536,967,-8.5
764,196,-9.0
764,233,-7.0
764,685,-10.0
740,213,-10.5
740,658,-12.0
740,731,-12.5
740,827,-11.5
145,523,-8.5
145,576,-7.0
145,697,-8.5
145,927,-6.5
523,263,-11.0
523,886,-11.5
523,945,-7.5
523,978,-13.5
576,470,-9.0
576,790,-7.5
576,867,-5.5
697,182,-6.5
697,448,-10.5
927,598,-5.5
927,785,-8.5
390,299,-11.5
390,786,-10.0
851,405,-5.0
150,307,-5.0
150,659,-5.0
299,560,-10.0
299,864,-8.0
299,932,-7.0
633,154,-9.5
633,685,-11.0
149,720,-2.0
307,704,-8.0
307,788,-7.0
307,936,-8.5
692,375,-9.0
692,992,-9.5
191,161,-7.5
735,470,-6.5
154,445,-9.5
154,698,-8.0
445,599,-7.5
445,850,-8.5
698,882,-6.5
155,322,-6.5
155,448,-8.0
155,646,-7.0
155,726,-7.0
322,850,-6.5
448,327,-7.5
448,934,-7.5
646,439,-8.5
726,174,-6.0
726,884,-5.0
726,935,-5.0
886,731,-10.5
886,790,-8.5
886,926,-10.0
535,430,-5.5
535,598,-6.0
535,817,-8.5
535,869,-6.5
882,394,-6.5
882,455,-8.0
882,799,-6.5
161,645,-8.5
645,541,-11.5
645,627,-8.5
645,785,-10.5
387,856,-3.5
685,340,-10.5
685,453,-10.0
704,397,-6.0
704,937,-5.5
704,959,-6.5
820,510,-9.5
820,750,-9.0
820,910,-5.5
609,376,-7.0
609,804,-5.5
850,439,-8.5
850,582,-6.5
921,469,-7.5
921,982,-6.5
166,327,-7.0
166,582,-7.0
166,790,-7.0
582,627,-5.5
582,822,-5.0
790,296,-5.0
263,185,-8.0
998,233,-6.0
172,241,-6.5
172,498,-4.5
241,881,-5.0
241,978,-12.0
173,932,-6.0
174,607,-4.5
196,202,-7.5
196,314,-8.5
196,405,-8.0
196,464,-9.0
577,804,-7.0
577,899,-4.0
182,881,-1.0
881,817,-4.5
619,455,-8.5
619,573,-7.0
185,474,-6.0
474,787,-6.0
502,470,-8.5
502,773,-5.0
188,708,-5.0
708,744,-2.0
405,375,-7.0
405,530,-6.5
405,736,-3.5
817,541,-9.5
817,763,-5.0
967,530,-9.0
967,553,-6.5
967,731,-10.5
314,743,-5.0
464,631,-8.0
303,560,-9.0
303,943,-7.0
375,776,-6.0
375,966,-7.5
233,232,-7.0
982,460,-3.5
982,847,-4.5
560,470,-9.5
560,658,-9.5
560,770,-7.0
560,864,-8.0
792,667,-4.0
792,787,-6.5
788,439,-7.5
658,935,-6.0
658,948,-7.5
426,776,-6.0
943,415,-4.5
453,340,-8.5
376,491,-7.5
541,340,-10.0
541,466,-7.0
265,469,-5.5
493,675,-4.0
456,296,-4.0
456,394,-5.5
456,415,-3.5
639,638,-9.0
296,340,-6.5
296,785,-6.5
675,329,-4.5
675,937,-4.5
230,548,-3.0
232,526,-8.0
914,631,-7.0
340,394,-8.0
978,864,-10.5
978,887,-10.0
908,786,-4.5
805,415,-3.0
936,599,-6.5
328,515,-4.5
667,275,-3.5
948,439,-8.0
948,515,-4.5
948,583,-4.5
948,736,-3.5
510,371,-7.5
510,778,-5.5
631,338,-7.0
631,394,-7.5
385,455,-8.0
371,329,-5.5
371,455,-8.5
966,731,-8.5
690,785,-7.0
398,508,-6.0
803,391,-4.5
803,736,-3.5
267,530,-5.0
530,439,-8.5
530,884,-5.0
275,338,-6.0
763,455,-6.0
417,598,-4.0
439,770,-7.0
776,555,-4.0
992,391,-6.0
992,731,-9.5
887,731,-7.5
887,787,-5.5
394,460,-4.0
773,718,-2.5
949,623,-3.0
