Edge,Ollivier-Ricci Curvature
"('0', '1')",-0.596215780998391
"('0', '2')",-0.7495974235104677
"('0', '3')",-0.48995271867612367
"('0', '4')",-0.6461156278229445
"('0', '5')",-0.5783807062876816
"('0', '8')",-0.7364672364672362
"('0', '18')",-0.6685185185185185
"('0', '25')",-0.7277777777777774
"('0', '30')",-0.7129629629629624
"('0', '45')",-0.592592592592593
"('0', '48')",-0.5185185185185188
"('0', '50')",-0.6351851851851853
"('0', '74')",-0.569444444444444
"('0', '101')",-0.546296296296297
"('0', '104')",-0.6736111111111112
"('0', '113')",-0.40740740740740855
"('0', '136')",-0.45370370370370394
"('0', '139')",-0.4166666666666681
"('0', '154')",-0.6574074074074074
"('0', '155')",-0.6574074074074068
"('0', '162')",-0.6560846560846549
"('0', '171')",-0.550925925925926
"('0', '196')",-0.583333333333333
"('0', '253')",-0.6111111111111114
"('0', '259')",-0.6481481481481473
"('0', '281')",-0.6759259259259249
"('0', '307')",-0.5462962962962965
"('0', '313')",-0.6111111111111105
"('0', '330')",-0.6111111111111098
"('0', '349')",-0.6111111111111105
"('0', '384')",-0.15740740740740744
"('0', '399')",-0.6759259259259256
"('0', '429')",-0.44444444444444553
"('0', '457')",-0.4259259259259274
"('0', '469')",-0.435185185185186
"('0', '471')",-0.4351851851851858
"('0', '478')",-0.36111111111111205
"('0', '549')",-0.7537037037037024
"('0', '554')",-0.7499999999999987
"('0', '566')",-0.4259259259259265
"('0', '576')",-0.43518518518518556
"('0', '588')",-0.6296296296296291
"('0', '590')",-0.6296296296296289
"('0', '598')",-0.3611111111111116
"('0', '623')",-0.6111111111111105
"('0', '642')",-0.4259259259259274
"('0', '652')",-0.3888888888888897
"('0', '657')",-0.4537037037037053
"('0', '693')",-0.6296296296296282
"('0', '713')",-0.4537037037037044
"('0', '753')",-0.4259259259259258
"('0', '849')",-0.48148148148148073
"('0', '965')",-0.4722222222222219
"('0', '976')",-0.43518518518518623
"('1', '3')",-0.5499537465309878
"('1', '5')",-0.6569767441860441
"('1', '7')",-0.6555472263868045
"('1', '17')",-0.617149758454105
"('1', '32')",-0.7028985507246344
"('1', '36')",-0.6811594202898521
"('1', '38')",-0.613810741687977
"('1', '39')",-0.7413043478260841
"('1', '40')",-0.6987577639751523
"('1', '44')",-0.6494565217391279
"('1', '52')",-0.7572463768115907
"('1', '56')",-0.6739130434782579
"('1', '60')",-0.6021739130434756
"('1', '68')",-0.67119565217391
"('1', '80')",-0.7336956521739104
"('1', '86')",-0.5905797101449246
"('1', '87')",-0.5804347826086935
"('1', '126')",-0.7475845410627984
"('1', '127')",-0.7146739130434756
"('1', '129')",-0.7130434782608663
"('1', '150')",-0.7355072463768089
"('1', '168')",-0.7693236714975809
"('1', '175')",-0.7096273291925435
"('1', '266')",-0.6552795031055878
"('1', '279')",-0.3913043478260847
"('1', '296')",-0.4239130434782583
"('1', '299')",-0.6456521739130403
"('1', '312')",-0.7347826086956493
"('1', '344')",-0.590579710144925
"('1', '359')",-0.45652173913043215
"('1', '374')",-0.29347826086956297
"('1', '510')",-0.4673913043478237
"('1', '535')",-0.5797101449275335
"('1', '622')",-0.44565217391304124
"('1', '663')",-0.4456521739130408
"('1', '666')",-0.19565217391304168
"('1', '686')",-0.4347826086956499
"('1', '759')",-0.7173913043478233
"('1', '760')",-0.4130434782608672
"('1', '800')",-0.45652173913043215
"('1', '876')",-0.4673913043478237
"('1', '884')",-0.445652173913041
"('1', '951')",-0.4130434782608672
"('1', '956')",-0.4782608695652144
"('1', '978')",-0.3586956521739104
"('2', '14')",-0.7472826086956519
"('2', '46')",-0.6594202898550723
"('2', '53')",-0.7274247491638792
"('2', '90')",-0.63768115942029
"('2', '92')",-0.26086956521739113
"('2', '169')",-0.6847826086956523
"('2', '181')",-0.26086956521739113
"('2', '187')",-0.3913043478260869
"('2', '201')",-0.6811594202898554
"('2', '254')",-0.4347826086956521
"('2', '268')",-0.6913043478260872
"('2', '297')",-0.4565217391304348
"('2', '329')",-0.5362318840579712
"('2', '331')",-0.45652173913043503
"('2', '379')",-0.49275362318840576
"('2', '383')",-0.369565217391304
"('2', '500')",-0.623188405797102
"('2', '524')",-0.6014492753623191
"('2', '760')",-0.3043478260869561
"('2', '776')",-0.6014492753623191
"('2', '795')",-0.4130434782608696
"('2', '823')",-0.45652173913043503
"('3', '4')",-0.44784639335755205
"('3', '7')",-0.64123257520176
"('3', '9')",-0.6426783479349181
"('3', '10')",-0.6932211776348327
"('3', '13')",-0.6737588652482258
"('3', '14')",-0.6991356382978726
"('3', '21')",-0.663120567375886
"('3', '25')",-0.7269503546099283
"('3', '31')",-0.7146433041301616
"('3', '44')",-0.6529255319148932
"('3', '85')",-0.4255319148936165
"('3', '100')",-0.6755319148936165
"('3', '104')",-0.5598404255319149
"('3', '113')",-0.36170212765957466
"('3', '115')",-0.16489361702127603
"('3', '127')",-0.6848404255319145
"('3', '149')",-0.7074468085106371
"('3', '151')",-0.6510638297872333
"('3', '162')",-0.6686930091185412
"('3', '164')",-0.4361702127659568
"('3', '173')",-0.6436170212765953
"('3', '279')",-0.340425531914893
"('3', '324')",-0.45744680851063757
"('3', '328')",-0.6542553191489358
"('3', '340')",-0.39361702127659526
"('3', '361')",-0.27659574468085046
"('3', '362')",-0.5815602836879421
"('3', '384')",-0.14361702127659637
"('3', '392')",-0.6755319148936161
"('3', '397')",-0.44680851063829685
"('3', '406')",-0.529255319148936
"('3', '414')",-0.5283687943262403
"('3', '452')",-0.7042553191489356
"('3', '515')",-0.16489361702127647
"('3', '563')",-0.3510638297872335
"('3', '645')",-0.42553191489361675
"('3', '691')",-0.6241134751773043
"('3', '750')",-0.6861702127659566
"('3', '774')",-0.40425531914893553
"('3', '796')",-0.44680851063829774
"('3', '802')",-0.36170212765957355
"('3', '839')",-0.6241134751773039
"('3', '868')",-0.436170212765957
"('3', '973')",-0.4326241134751767
"('3', '975')",-0.46808510638297807
"('4', '6')",-0.6039584166333443
"('4', '10')",-0.7024957458876897
"('4', '19')",-0.7355182926829267
"('4', '42')",-0.7024390243902439
"('4', '55')",-0.7416851441241687
"('4', '69')",-0.7042682926829267
"('4', '75')",-0.3292682926829271
"('4', '84')",-0.5914634146341462
"('4', '93')",-0.774944567627494
"('4', '107')",-0.615853658536585
"('4', '109')",-0.6646341463414636
"('4', '115')",-0.15243902439024448
"('4', '165')",-0.40243902439024404
"('4', '184')",-0.5670731707317074
"('4', '192')",-0.7024390243902439
"('4', '197')",-0.6869918699186985
"('4', '238')",-0.6300813008130084
"('4', '247')",-0.6158536585365852
"('4', '294')",-0.5640243902439022
"('4', '327')",-0.44715447154471555
"('4', '343')",-0.6300813008130084
"('4', '357')",-0.6512195121951216
"('4', '374')",-0.28048780487804925
"('4', '406')",-0.527439024390244
"('4', '453')",-0.5934959349593498
"('4', '473')",-0.6300813008130084
"('4', '507')",-0.532520325203252
"('4', '515')",-0.15243902439024426
"('4', '587')",-0.46341463414634165
"('4', '600')",-0.7256097560975612
"('4', '608')",-0.6178861788617889
"('4', '615')",-0.45121951219512213
"('4', '626')",-0.43902439024390283
"('4', '678')",-0.5934959349593498
"('4', '692')",-0.6056910569105693
"('4', '726')",-0.41463414634146356
"('4', '767')",-0.45121951219512213
"('4', '789')",-0.42682926829268286
"('4', '926')",-0.41463414634146356
"('5', '6')",-0.6603126191383897
"('5', '11')",-0.6534883720930234
"('5', '12')",-0.756708407871199
"('5', '16')",-0.7007751937984492
"('5', '19')",-0.7238372093023258
"('5', '20')",-0.30232558139534826
"('5', '22')",-0.41860465116279055
"('5', '29')",-0.7408637873754158
"('5', '60')",-0.5953488372093025
"('5', '89')",-0.7286821705426356
"('5', '92')",-0.3720930232558133
"('5', '97')",-0.6962209302325586
"('5', '145')",-0.6837209302325584
"('5', '147')",-0.7519379844961234
"('5', '180')",-0.622093023255814
"('5', '181')",-0.3720930232558135
"('5', '182')",-0.527131782945736
"('5', '191')",-0.6953488372093026
"('5', '195')",-0.6453488372093028
"('5', '203')",-0.6953488372093031
"('5', '213')",-0.4534883720930232
"('5', '244')",-0.4534883720930232
"('5', '256')",-0.4767441860465116
"('5', '263')",-0.5852713178294571
"('5', '273')",-0.5968992248062013
"('5', '288')",-0.751937984496124
"('5', '308')",-0.5620155038759687
"('5', '341')",-0.5968992248062013
"('5', '378')",-0.44186046511627897
"('5', '444')",-0.707848837209303
"('5', '537')",-0.6918604651162794
"('5', '552')",-0.44186046511627897
"('5', '577')",-0.668604651162791
"('5', '637')",-0.4767441860465116
"('5', '661')",-0.7151162790697678
"('5', '665')",-0.6085271317829455
"('5', '720')",-0.6317829457364341
"('5', '834')",-0.4534883720930232
"('5', '910')",-0.44186046511627897
"('5', '958')",-0.4767441860465116
"('5', '968')",-0.4651162790697674
"('8', '6')",-0.7313997477931888
"('8', '33')",-0.690045248868778
"('8', '59')",-0.6783216783216783
"('8', '88')",-0.474358974358974
"('8', '190')",-0.5512820512820509
"('8', '217')",-0.3589743589743586
"('8', '246')",-0.6794871794871786
"('8', '336')",-0.3461538461538458
"('8', '468')",-0.38461538461538436
"('8', '516')",-0.19230769230769185
"('8', '625')",-0.3461538461538458
"('8', '685')",-0.4230769230769227
"('18', '17')",-0.6277777777777775
"('18', '41')",-0.6499999999999995
"('18', '49')",-0.5166666666666662
"('18', '80')",-0.6874999999999993
"('18', '82')",-0.29999999999999916
"('18', '119')",-0.6749999999999994
"('18', '145')",-0.5749999999999995
"('18', '180')",-0.5249999999999995
"('18', '243')",-0.49166666666666603
"('18', '400')",-0.6999999999999995
"('18', '472')",-0.39999999999999925
"('18', '480')",-0.4499999999999995
"('18', '506')",-0.4499999999999995
"('18', '532')",-0.5166666666666659
"('18', '726')",-0.2999999999999994
"('18', '798')",-0.4499999999999995
"('18', '802')",-0.2499999999999991
"('18', '842')",-0.566666666666666
"('18', '866')",-0.39999999999999925
"('25', '29')",-0.6238095238095243
"('25', '232')",-0.796969696969696
"('25', '270')",-0.6166666666666667
"('25', '319')",-0.6166666666666667
"('25', '356')",-0.4333333333333331
"('25', '462')",-0.5666666666666664
"('25', '543')",-0.2666666666666664
"('25', '567')",-0.49999999999999956
"('25', '589')",-0.11666666666666647
"('25', '619')",-0.3999999999999999
"('25', '724')",-0.3999999999999999
"('25', '768')",-0.39999999999999947
"('25', '898')",-0.36666666666666625
"('30', '17')",-0.6365740740740733
"('30', '35')",-0.7708333333333333
"('30', '37')",-0.7083333333333328
"('30', '39')",-0.7458333333333331
"('30', '66')",-0.6458333333333335
"('30', '79')",-0.8055555555555554
"('30', '97')",-0.7083333333333333
"('30', '107')",-0.5833333333333337
"('30', '133')",-0.4166666666666665
"('30', '182')",-0.4374999999999998
"('30', '211')",-0.5625
"('30', '245')",-0.5624999999999998
"('30', '259')",-0.6250000000000002
"('30', '334')",-0.6666666666666663
"('30', '360')",-0.5833333333333333
"('30', '431')",-0.5416666666666667
"('30', '485')",-0.7166666666666668
"('30', '526')",-0.4583333333333328
"('30', '729')",-0.43749999999999933
"('30', '758')",-0.625
"('30', '782')",-0.35416666666666674
"('30', '911')",-0.4166666666666663
"('30', '919')",-0.4583333333333326
"('45', '28')",-0.5059523809523803
"('45', '163')",-0.41666666666666674
"('45', '931')",-0.125
"('48', '28')",-0.6428571428571421
"('48', '54')",-0.6969696969696964
"('48', '65')",-0.660130718954248
"('48', '74')",-0.3472222222222223
"('48', '136')",-0.2222222222222221
"('48', '140')",-0.4444444444444444
"('48', '563')",-0.0833333333333337
"('48', '656')",-0.5555555555555558
"('50', '10')",-0.64186046511628
"('50', '90')",-0.3833333333333331
"('50', '517')",-0.3666666666666667
"('50', '525')",-0.55
"('74', '644')",-0.25
"('74', '974')",-0.125
"('101', '31')",-0.4901960784313717
"('101', '192')",-0.19999999999999996
"('104', '156')",-0.5625
"('104', '164')",-0.1875
"('104', '214')",-0.4791666666666665
"('104', '247')",-0.375
"('104', '309')",-0.3541666666666665
"('104', '799')",-0.3125
"('113', '124')",0.0
"('136', '556')",-0.16666666666666652
"('139', '38')",-0.2058823529411764
"('154', '6')",-0.6857923497267753
"('154', '171')",-0.3472222222222223
"('154', '179')",-0.47222222222222254
"('154', '495')",-0.5000000000000002
"('154', '815')",-0.22222222222222232
"('154', '922')",-0.2777777777777779
"('154', '924')",-0.3333333333333335
"('154', '984')",-0.22222222222222232
"('155', '65')",-0.4852941176470591
"('155', '209')",-0.5576923076923073
"('155', '492')",-0.125
"('162', '166')",-0.5857142857142852
"('162', '463')",-0.48214285714285654
"('162', '481')",-0.4523809523809521
"('162', '493')",-0.5238095238095235
"('162', '532')",-0.28571428571428537
"('171', '341')",-0.125
"('171', '401')",-0.5357142857142851
"('196', '168')",-0.38888888888888884
"('196', '273')",0.0
"('253', '14')",-0.59375
"('253', '420')",-0.125
"('253', '426')",-0.125
"('259', '562')",-0.25
"('259', '646')",-0.33333333333333326
"('259', '830')",-0.41666666666666674
"('259', '951')",-0.08333333333333304
"('281', '68')",-0.4375
"('281', '415')",-0.4166666666666665
"('281', '971')",-0.25
"('307', '279')",0.0
"('307', '804')",-0.16666666666666652
"('313', '24')",-0.3666666666666667
"('313', '725')",0.0
"('330', '246')",-0.33333333333333326
"('330', '460')",-0.16666666666666652
"('349', '264')",-0.41666666666666674
"('349', '405')",-0.2916666666666665
"('399', '17')",-0.6574074074074079
"('399', '490')",-0.5
"('399', '783')",-0.33333333333333326
"('399', '851')",-0.33333333333333304
"('399', '966')",-0.33333333333333326
"('429', '64')",-0.14285714285714257
"('457', '444')",-0.1875
"('469', '158')",-0.25
"('471', '225')",0.0
"('478', '13')",-0.16666666666666674
"('549', '337')",-0.5
"('549', '674')",-0.4666666666666668
"('549', '675')",-0.46666666666666656
"('549', '861')",-0.19999999999999996
"('554', '368')",-0.5000000000000002
"('554', '634')",-0.4999999999999998
"('554', '648')",-0.33333333333333326
"('554', '755')",-0.33333333333333304
"('554', '831')",-0.16666666666666652
"('566', '29')",-0.07142857142857095
"('576', '145')",0.10000000000000009
"('588', '19')",-0.4999999999999998
"('588', '757')",-0.125
"('588', '820')",-0.25
"('590', '210')",-0.4444444444444444
"('590', '599')",-0.4166666666666665
"('598', '28')",-0.2380952380952377
"('623', '577')",-0.12499999999999978
"('623', '818')",-0.16666666666666652
"('642', '26')",-0.30952380952380953
"('652', '149')",-0.1875
"('657', '288')",-0.1666666666666663
"('693', '487')",-0.16666666666666674
"('693', '840')",2.220446049250313e-16
"('713', '117')",-0.3125
"('753', '110')",-0.28571428571428537
"('849', '740')",-0.25
"('965', '504')",-0.19999999999999996
"('976', '463')",-0.125
"('7', '15')",-0.5775862068965516
"('7', '16')",-0.7126436781609182
"('7', '31')",-0.7028397565922913
"('7', '33')",-0.7221095334685594
"('7', '61')",-0.5632183908045971
"('7', '64')",-0.7536945812807878
"('7', '71')",-0.3103448275862075
"('7', '120')",-0.5431034482758619
"('7', '152')",-0.7471264367816086
"('7', '218')",-0.5632183908045976
"('7', '237')",-0.39655172413793105
"('7', '243')",-0.5632183908045976
"('7', '276')",-0.4310344827586208
"('7', '289')",-0.34482758620689635
"('7', '296')",-0.4137931034482758
"('7', '357')",-0.5965517241379312
"('7', '382')",-0.5804597701149421
"('7', '434')",-0.43103448275862055
"('7', '488')",-0.3103448275862073
"('7', '494')",-0.46551724137931005
"('7', '627')",-0.4482758620689655
"('7', '643')",-0.39655172413793105
"('7', '707')",-0.43103448275862055
"('7', '764')",-0.5804597701149421
"('7', '913')",-0.4137931034482756
"('7', '938')",-0.43103448275862055
"('7', '990')",-0.4482758620689653
"('17', '6')",-0.6287188828172421
"('17', '20')",-0.2222222222222212
"('17', '34')",-0.5648148148148144
"('17', '63')",-0.6833333333333336
"('17', '99')",-0.6712962962962954
"('17', '118')",-0.6148148148148149
"('17', '132')",-0.1759259259259247
"('17', '158')",-0.701388888888888
"('17', '188')",-0.6759259259259258
"('17', '193')",-0.6203703703703702
"('17', '223')",-0.5370370370370363
"('17', '236')",-0.74537037037037
"('17', '248')",-0.7407407407407409
"('17', '255')",-0.6574074074074072
"('17', '284')",-0.6018518518518516
"('17', '317')",-0.583333333333333
"('17', '383')",-0.3518518518518514
"('17', '421')",-0.574074074074074
"('17', '444')",-0.6643518518518514
"('17', '479')",-0.6111111111111107
"('17', '622')",-0.42592592592592515
"('17', '694')",-0.33333333333333237
"('17', '984')",-0.33333333333333237
"('32', '26')",-0.619047619047618
"('32', '42')",-0.5333333333333337
"('32', '76')",-0.5902777777777775
"('32', '111')",-0.541666666666667
"('32', '125')",-0.666666666666667
"('32', '227')",-0.3333333333333335
"('32', '650')",-0.5555555555555558
"('32', '749')",-0.2777777777777779
"('36', '34')",-0.4722222222222221
"('36', '67')",-0.6388888888888888
"('36', '68')",-0.5347222222222223
"('36', '272')",-0.2777777777777779
"('36', '376')",-0.22222222222222232
"('36', '517')",-0.5
"('36', '728')",-0.38888888888888906
"('36', '972')",-0.3333333333333335
"('38', '27')",-0.7434640522875808
"('38', '78')",-0.6529411764705875
"('38', '87')",-0.5529411764705876
"('38', '89')",-0.6617647058823521
"('38', '149')",-0.6066176470588225
"('38', '170')",-0.5196078431372542
"('38', '211')",-0.32352941176470584
"('38', '220')",-0.13235294117647078
"('38', '283')",-0.7117647058823522
"('38', '513')",-0.5147058823529402
"('38', '514')",-0.44117647058823506
"('38', '666')",-0.10294117647058809
"('38', '678')",-0.49019607843137214
"('38', '706')",-0.44117647058823506
"('38', '996')",-0.38235294117647034
"('39', '105')",-0.6000000000000001
"('39', '216')",-0.5166666666666666
"('39', '228')",-0.6333333333333331
"('39', '233')",-0.40000000000000036
"('39', '319')",-0.5500000000000003
"('39', '342')",-0.516666666666667
"('39', '497')",-0.5666666666666669
"('39', '555')",-0.3500000000000003
"('40', '6')",-0.7365339578454317
"('40', '83')",-0.514285714285714
"('40', '202')",-0.35714285714285676
"('40', '463')",-0.6607142857142854
"('40', '734')",-0.3809523809523805
"('40', '855')",-0.35714285714285676
"('44', '102')",-0.3541666666666665
"('44', '112')",-0.4999999999999998
"('44', '160')",-0.5982142857142858
"('44', '518')",-0.3541666666666665
"('44', '522')",-0.625
"('44', '988')",-0.25
"('52', '26')",-0.7142857142857133
"('52', '337')",-0.6333333333333335
"('52', '455')",-0.5833333333333335
"('52', '538')",-0.22222222222222232
"('52', '567')",-0.5000000000000002
"('52', '872')",-0.3333333333333335
"('52', '927')",-0.38888888888888906
"('52', '989')",-0.38888888888888906
"('56', '13')",-0.5416666666666667
"('56', '157')",-0.33333333333333304
"('56', '176')",-0.4999999999999998
"('56', '316')",-0.33333333333333304
"('56', '710')",-0.33333333333333326
"('60', '96')",-0.41249999999999987
"('60', '265')",-0.19999999999999996
"('60', '747')",-0.19999999999999996
"('68', '108')",-0.6971153846153846
"('68', '118')",-0.44999999999999996
"('68', '442')",-0.1875
"('68', '926')",-0.125
"('68', '931')",-0.25
"('80', '234')",-0.7750000000000004
"('80', '290')",-0.6125
"('80', '314')",-0.25
"('80', '405')",-0.5
"('80', '461')",-0.375
"('80', '789')",-0.25
"('86', '37')",-0.5104166666666665
"('86', '941')",-0.16666666666666652
"('87', '228')",-0.46666666666666634
"('87', '643')",1.1102230246251565e-16
"('87', '667')",-0.30000000000000027
"('126', '35')",-0.6111111111111112
"('126', '270')",-0.47222222222222254
"('126', '271')",-0.5833333333333335
"('126', '306')",-0.5833333333333335
"('126', '407')",-0.3333333333333335
"('126', '613')",-0.44444444444444464
"('126', '732')",-0.2777777777777779
"('126', '850')",-0.2777777777777779
"('127', '172')",-0.7053571428571426
"('127', '260')",-0.55
"('127', '569')",-0.3125
"('127', '857')",-0.3125
"('127', '939')",-0.375
"('127', '942')",-0.375
"('129', '54')",-0.5636363636363635
"('129', '174')",-0.3999999999999999
"('129', '295')",-0.44999999999999996
"('129', '833')",-0.46666666666666656
"('150', '99')",-0.4375
"('150', '304')",-0.6904761904761902
"('150', '358')",-0.25
"('150', '593')",-0.4166666666666665
"('150', '672')",-0.16666666666666652
"('168', '19')",-0.6284722222222223
"('168', '204')",-0.5277777777777779
"('168', '224')",-0.5277777777777779
"('168', '252')",-0.2777777777777779
"('168', '292')",-0.6388888888888891
"('168', '394')",-0.5277777777777779
"('168', '715')",-0.5555555555555558
"('175', '9')",-0.6092436974789917
"('175', '223')",-0.3095238095238091
"('175', '302')",-0.4523809523809519
"('175', '366')",-0.35714285714285676
"('175', '536')",-0.28571428571428537
"('175', '632')",-0.35714285714285676
"('266', '31')",-0.6680672268907557
"('266', '318')",-0.46428571428571397
"('266', '348')",-0.5357142857142854
"('266', '367')",-0.4523809523809521
"('266', '376')",-0.21428571428571397
"('266', '900')",-0.35714285714285676
"('296', '624')",-0.16666666666666674
"('299', '13')",-0.5333333333333337
"('299', '377')",-0.5
"('299', '810')",-0.46666666666666656
"('299', '977')",-0.30000000000000027
"('312', '282')",-0.3500000000000001
"('312', '450')",-0.30000000000000004
"('312', '509')",-0.19999999999999996
"('312', '548')",-0.2666666666666664
"('344', '111')",-0.4166666666666665
"('344', '453')",-0.16666666666666674
"('359', '205')",-0.2142857142857144
"('510', '402')",-0.20000000000000018
"('535', '200')",-0.40000000000000013
"('535', '904')",-0.16666666666666652
"('622', '826')",2.220446049250313e-16
"('663', '352')",-0.25
"('686', '518')",0.2500000000000001
"('759', '745')",-0.4166666666666665
"('759', '811')",-0.125
"('759', '863')",-0.25
"('800', '201')",-0.24999999999999978
"('876', '483')",-0.36363636363636354
"('884', '527')",-0.125
"('956', '215')",-0.375
"('978', '26')",-0.21428571428571397
"('14', '15')",-0.578125
"('14', '21')",-0.7667824074074074
"('14', '22')",-0.40624999999999933
"('14', '34')",-0.640625
"('14', '49')",-0.5572916666666663
"('14', '70')",-0.721875
"('14', '81')",-0.8124999999999996
"('14', '98')",-0.6041666666666665
"('14', '106')",-0.659375
"('14', '146')",-0.43749999999999933
"('14', '177')",-0.5729166666666665
"('14', '212')",-0.43749999999999933
"('14', '221')",-0.8062499999999997
"('14', '229')",-0.7239583333333335
"('14', '286')",-0.7218749999999996
"('14', '289')",-0.37499999999999933
"('14', '295')",-0.703125
"('14', '327')",-0.4791666666666661
"('14', '351')",-0.6875
"('14', '371')",-0.640625
"('14', '454')",-0.43749999999999956
"('14', '456')",-0.6875000000000002
"('14', '501')",-0.43749999999999956
"('14', '502')",-0.6041666666666665
"('14', '856')",-0.43749999999999933
"('14', '920')",-0.6041666666666661
"('14', '945')",-0.40624999999999956
"('14', '947')",-0.43749999999999933
"('14', '969')",-0.45312499999999933
"('46', '6')",-0.7349726775956278
"('46', '57')",-0.41666666666666696
"('46', '141')",-0.5634920634920637
"('46', '178')",-0.4222222222222223
"('46', '205')",-0.603174603174603
"('46', '277')",-0.5555555555555556
"('46', '380')",-0.5833333333333335
"('46', '387')",-0.38888888888888906
"('53', '33')",-0.7760180995475112
"('53', '55')",-0.7167832167832169
"('53', '57')",-0.5192307692307694
"('53', '94')",-0.4807692307692304
"('53', '177')",-0.43589743589743524
"('53', '205')",-0.6373626373626371
"('53', '206')",-0.6846153846153844
"('53', '362')",-0.42307692307692246
"('53', '370')",-0.2692307692307685
"('53', '413')",-0.30769230769230727
"('53', '745')",-0.5897435897435894
"('53', '950')",-0.38461538461538436
"('90', '103')",-0.6136363636363631
"('90', '152')",-0.5
"('90', '752')",-0.41666666666666674
"('90', '918')",-0.24999999999999978
"('169', '102')",-0.4166666666666665
"('169', '346')",-0.125
"('169', '385')",-0.25
"('187', '43')",-0.34375
"('201', '43')",-0.645833333333333
"('201', '825')",-0.24999999999999978
"('201', '845')",-0.33333333333333304
"('201', '879')",-0.33333333333333326
"('254', '54')",-0.36363636363636354
"('268', '141')",-0.48571428571428554
"('268', '489')",-0.4666666666666668
"('268', '579')",-0.30000000000000004
"('268', '710')",-0.30000000000000004
"('297', '96')",-0.375
"('329', '203')",-0.3666666666666665
"('329', '350')",-0.3666666666666665
"('331', '304')",-0.35714285714285676
"('379', '264')",-0.3749999999999998
"('379', '577')",-0.24999999999999978
"('500', '354')",-0.5555555555555554
"('500', '594')",-0.16666666666666652
"('524', '144')",-0.5416666666666665
"('524', '840')",0.0
"('776', '245')",-0.16666666666666674
"('776', '880')",-0.16666666666666652
"('795', '530')",-0.16666666666666652
"('823', '345')",-0.3888888888888893
"('9', '6')",-0.7396335583413671
"('9', '66')",-0.6029411764705876
"('9', '75')",-0.23529411764705843
"('9', '85')",-0.38235294117647034
"('9', '116')",-0.6512605042016799
"('9', '184')",-0.485294117647058
"('9', '186')",-0.4117647058823528
"('9', '203')",-0.6235294117647052
"('9', '284')",-0.5441176470588227
"('9', '318')",-0.6323529411764701
"('9', '430')",-0.6617647058823519
"('9', '593')",-0.5490196078431366
"('9', '653')",-0.44117647058823506
"('9', '655')",-0.4117647058823526
"('9', '807')",-0.44117647058823506
"('10', '12')",-0.7915921288014316
"('10', '23')",-0.6953488372093026
"('10', '24')",-0.7220930232558149
"('10', '28')",-0.7076411960132898
"('10', '51')",-0.8006644518272434
"('10', '76')",-0.7703488372093026
"('10', '105')",-0.7069767441860471
"('10', '110')",-0.7657807308970108
"('10', '117')",-0.6380813953488376
"('10', '125')",-0.749354005167959
"('10', '148')",-0.7170542635658919
"('10', '159')",-0.29069767441860406
"('10', '217')",-0.5155038759689916
"('10', '222')",-0.6317829457364335
"('10', '226')",-0.44186046511627897
"('10', '252')",-0.4186046511627901
"('10', '285')",-0.5668604651162792
"('10', '317')",-0.5872093023255813
"('10', '339')",-0.6317829457364339
"('10', '364')",-0.5968992248062015
"('10', '393')",-0.6434108527131781
"('10', '395')",-0.5852713178294573
"('10', '442')",-0.44186046511627874
"('10', '448')",-0.6085271317829453
"('10', '516')",-0.3604651162790693
"('10', '520')",-0.45348837209302295
"('10', '559')",-0.43023255813953476
"('10', '573')",-0.4767441860465116
"('10', '671')",-0.6317829457364341
"('10', '694')",-0.3604651162790691
"('10', '709')",-0.3720930232558135
"('10', '718')",-0.20348837209302206
"('10', '725')",-0.5736434108527129
"('10', '775')",-0.4651162790697674
"('10', '782')",-0.39534883720930214
"('10', '815')",-0.3953488372093017
"('10', '878')",-0.3837209302325577
"('10', '902')",-0.44186046511627897
"('10', '903')",-0.29069767441860406
"('10', '917')",-0.4534883720930232
"('13', '6')",-0.7520491803278677
"('13', '137')",-0.3749999999999998
"('13', '291')",-0.5416666666666667
"('13', '353')",-0.5833333333333333
"('13', '368')",-0.583333333333333
"('13', '574')",-0.33333333333333326
"('13', '850')",-0.24999999999999978
"('13', '888')",-0.5
"('21', '23')",-0.7203703703703703
"('21', '27')",-0.6574074074074068
"('21', '47')",-0.6759259259259256
"('21', '84')",-0.4212962962962956
"('21', '116')",-0.746031746031746
"('21', '122')",-0.6203703703703705
"('21', '141')",-0.7275132275132266
"('21', '163')",-0.7222222222222221
"('21', '301')",-0.5370370370370363
"('21', '322')",-0.33333333333333215
"('21', '370')",-0.4074074074074068
"('21', '372')",-0.4259259259259254
"('21', '417')",-0.3888888888888886
"('21', '475')",-0.4074074074074068
"('21', '538')",-0.4074074074074068
"('21', '696')",-0.4629629629629626
"('21', '738')",-0.4629629629629628
"('21', '747')",-0.44444444444444375
"('21', '787')",-0.4629629629629626
"('21', '790')",-0.6296296296296293
"('21', '854')",-0.444444444444444
"('21', '878')",-0.314814814814814
"('21', '883')",-0.44444444444444375
"('21', '892')",-0.444444444444444
"('21', '943')",-0.44444444444444375
"('31', '77')",-0.7100840336134449
"('31', '121')",-0.7156862745098032
"('31', '342')",-0.5196078431372542
"('31', '363')",-0.6323529411764699
"('31', '458')",-0.5490196078431366
"('31', '505')",-0.7450980392156852
"('31', '527')",-0.6029411764705876
"('31', '541')",-0.4117647058823526
"('31', '578')",-0.6078431372549011
"('31', '690')",-0.4117647058823526
"('31', '819')",-0.5784313725490191
"('31', '836')",-0.4117647058823526
"('31', '896')",-0.4117647058823526
"('85', '124')",0.0
"('100', '63')",-0.5500000000000003
"('100', '315')",-0.2916666666666665
"('100', '779')",-0.125
"('149', '271')",-0.4375
"('149', '436')",-0.5416666666666665
"('149', '528')",-0.375
"('149', '558')",-0.5625
"('149', '621')",-0.1875
"('151', '19')",-0.60625
"('151', '190')",-0.3666666666666665
"('151', '649')",-0.19999999999999996
"('151', '912')",-0.30000000000000027
"('164', '227')",0.0
"('173', '55')",-0.5227272727272725
"('173', '185')",-0.2916666666666665
"('173', '507')",-0.08333333333333326
"('324', '316')",-0.125
"('328', '65')",-0.5661764705882351
"('328', '739')",-0.25
"('328', '803')",-0.125
"('340', '28')",-0.23809523809523792
"('361', '6')",-0.28688524590163933
"('362', '542')",-0.16666666666666652
"('392', '210')",-0.6666666666666665
"('392', '397')",-0.1666666666666663
"('392', '496')",-0.25
"('392', '610')",-0.5
"('392', '647')",-0.25
"('397', '894')",2.220446049250313e-16
"('406', '684')",-0.125
"('406', '727')",-0.25
"('414', '197')",-0.24999999999999978
"('414', '548')",-0.16666666666666674
"('452', '122')",-0.3500000000000001
"('452', '495')",-0.3666666666666665
"('452', '594')",-0.30000000000000004
"('452', '952')",-0.19999999999999996
"('645', '122')",0.25
"('691', '683')",-0.16666666666666674
"('691', '735')",-0.16666666666666652
"('750', '482')",-0.375
"('750', '846')",-0.25
"('750', '959')",-0.125
"('774', '16')",-0.2666666666666666
"('796', '179')",0.0
"('839', '401')",-0.3809523809523807
"('839', '859')",-0.16666666666666652
"('868', '37')",-0.34375
"('973', '6')",-0.45355191256830585
"('973', '996')",0.0
"('975', '659')",2.220446049250313e-16
"('6', '11')",-0.6426229508196712
"('6', '26')",-0.7810304449648706
"('6', '62')",-0.7289227166276331
"('6', '71')",-0.3524590163934427
"('6', '82')",-0.4262295081967207
"('6', '103')",-0.7898658718330831
"('6', '112')",-0.7267759562841516
"('6', '120')",-0.5860655737704916
"('6', '128')",-0.7008196721311464
"('6', '131')",-0.6352459016393435
"('6', '132')",-0.21721311475409877
"('6', '142')",-0.45081967213114704
"('6', '159')",-0.3278688524590163
"('6', '178')",-0.6508196721311468
"('6', '189')",-0.659836065573769
"('6', '225')",-0.6516393442622941
"('6', '261')",-0.4590163934426219
"('6', '269')",-0.5765027322404357
"('6', '285')",-0.5778688524590161
"('6', '294')",-0.5922131147540974
"('6', '322')",-0.39344262295081944
"('6', '332')",-0.45901639344262213
"('6', '355')",-0.6844262295081958
"('6', '389')",-0.44262295081967107
"('6', '390')",-0.7008196721311464
"('6', '422')",-0.7090163934426217
"('6', '467')",-0.47540983606557274
"('6', '488')",-0.35245901639344246
"('6', '519')",-0.434426229508196
"('6', '522')",-0.7797131147540972
"('6', '539')",-0.47540983606557274
"('6', '543')",-0.5765027322404361
"('6', '565')",-0.625683060109288
"('6', '581')",-0.4672131147540981
"('6', '583')",-0.4590163934426219
"('6', '595')",-0.6256830601092884
"('6', '662')",-0.6010928961748621
"('6', '695')",-0.45081967213114704
"('6', '721')",-0.48360655737704805
"('6', '743')",-0.6174863387978127
"('6', '780')",-0.434426229508196
"('6', '808')",-0.48360655737704805
"('6', '816')",-0.4590163934426219
"('6', '831')",-0.4426229508196715
"('6', '882')",-0.46721311475409744
"('6', '885')",-0.6338797814207635
"('6', '903')",-0.3278688524590161
"('6', '906')",-0.40983606557376984
"('6', '908')",-0.44262295081967107
"('6', '946')",-0.6338797814207635
"('19', '28')",-0.6532738095238093
"('19', '63')",-0.7062499999999996
"('19', '144')",-0.7499999999999998
"('19', '148')",-0.7152777777777775
"('19', '189')",-0.46874999999999956
"('19', '367')",-0.5416666666666665
"('19', '709')",-0.15624999999999978
"('19', '730')",-0.37499999999999956
"('19', '803')",-0.3749999999999998
"('19', '906')",-0.21874999999999956
"('19', '948')",-0.4062499999999998
"('42', '231')",-0.6125
"('42', '237')",-0.050000000000000044
"('42', '298')",-0.46666666666666656
"('55', '88')",-0.4848484848484844
"('55', '114')",-0.6636363636363636
"('55', '233')",-0.4090909090909087
"('55', '236')",-0.7386363636363633
"('55', '426')",-0.3636363636363633
"('55', '523')",-0.6136363636363635
"('55', '534')",-0.40909090909090895
"('55', '629')",-0.3181818181818179
"('69', '51')",-0.7053571428571426
"('69', '95')",-0.5972222222222221
"('69', '207')",-0.6749999999999998
"('69', '360')",-0.4791666666666665
"('69', '390')",-0.4375
"('69', '445')",-0.25
"('69', '647')",-0.3125
"('84', '158')",-0.4375
"('84', '475')",0.0
"('93', '59')",-0.7727272727272729
"('93', '95')",-0.5707070707070703
"('93', '102')",-0.439393939393939
"('93', '146')",-0.3636363636363633
"('93', '160')",-0.6493506493506498
"('93', '240')",-0.5303030303030303
"('93', '258')",-0.47727272727272685
"('93', '345')",-0.797979797979798
"('93', '519')",-0.18181818181818166
"('93', '540')",-0.40909090909090895
"('107', '286')",-0.44999999999999996
"('107', '743')",-0.125
"('109', '62')",-0.5357142857142858
"('109', '353')",-0.25
"('109', '381')",-0.25
"('165', '16')",-0.2666666666666666
"('184', '229')",-0.5
"('184', '634')",-0.375
"('192', '309')",-0.2999999999999998
"('192', '537')",-0.42500000000000027
"('192', '664')",-0.19999999999999996
"('197', '27')",-0.6388888888888884
"('197', '352')",-0.7083333333333333
"('197', '458')",-0.33333333333333326
"('197', '779')",-0.16666666666666652
"('238', '188')",-0.2916666666666665
"('238', '814')",-0.16666666666666652
"('247', '385')",-0.25
"('247', '560')",-0.25
"('294', '639')",-0.25
"('294', '690')",-0.125
"('327', '595')",0.0
"('343', '172')",-0.5595238095238095
"('343', '604')",-0.4166666666666665
"('357', '411')",-0.30000000000000004
"('357', '918')",-0.20000000000000018
"('357', '945')",-0.09999999999999987
"('453', '501')",0.0
"('473', '264')",-0.4791666666666665
"('473', '871')",-0.16666666666666652
"('507', '801')",-0.16666666666666652
"('587', '326')",2.220446049250313e-16
"('600', '174')",-0.5500000000000003
"('600', '676')",-0.4166666666666665
"('600', '837')",-0.25
"('608', '423')",-0.33333333333333326
"('608', '629')",0.16666666666666674
"('615', '118')",-0.09999999999999987
"('626', '77')",-0.1428571428571428
"('678', '843')",-0.16666666666666652
"('692', '631')",-0.16666666666666674
"('692', '888')",-0.16666666666666674
"('767', '130')",0.0
"('11', '130')",-0.44999999999999996
"('11', '305')",-0.55
"('11', '702')",-0.19999999999999996
"('12', '78')",-0.6461538461538456
"('12', '185')",-0.5512820512820511
"('12', '194')",-0.5512820512820509
"('12', '200')",-0.707692307692307
"('12', '208')",-0.47435897435897423
"('12', '311')",-0.4230769230769229
"('12', '455')",-0.6346153846153844
"('12', '612')",-0.38461538461538436
"('12', '624')",-0.5512820512820511
"('12', '828')",-0.4230769230769229
"('12', '874')",-0.38461538461538414
"('16', '26')",-0.6999999999999997
"('16', '96')",-0.5499999999999994
"('16', '199')",-0.49999999999999956
"('16', '200')",-0.6666666666666665
"('16', '245')",-0.5666666666666667
"('16', '275')",-0.5333333333333332
"('16', '303')",-0.4666666666666659
"('16', '544')",-0.4333333333333329
"('16', '701')",-0.11666666666666625
"('16', '722')",-0.4333333333333329
"('16', '902')",-0.2666666666666664
"('29', '51')",-0.7142857142857144
"('29', '128')",-0.4107142857142856
"('29', '300')",-0.2857142857142856
"('29', '763')",-0.35714285714285676
"('89', '134')",-0.583333333333333
"('89', '199')",-0.25
"('89', '938')",-0.08333333333333326
"('89', '970')",-0.33333333333333304
"('97', '131')",-0.5625
"('97', '394')",-0.5625
"('97', '428')",-0.625
"('97', '439')",-0.3125
"('97', '586')",-0.375
"('97', '611')",-0.375
"('145', '183')",-0.30000000000000004
"('145', '435')",-0.46666666666666656
"('147', '54')",-0.659090909090909
"('147', '198')",-0.5277777777777777
"('147', '411')",-0.3333333333333335
"('147', '604')",-0.583333333333333
"('147', '773')",-0.16666666666666674
"('180', '222')",-0.2916666666666665
"('180', '907')",-0.25
"('182', '533')",-0.33333333333333326
"('191', '144')",-0.55
"('191', '431')",-0.3666666666666665
"('191', '437')",-0.55
"('191', '440')",-0.44999999999999996
"('195', '110')",-0.5535714285714286
"('195', '204')",-0.375
"('195', '579')",-0.25
"('203', '389')",0.09999999999999998
"('203', '597')",-0.30000000000000027
"('213', '140')",0.08333333333333348
"('244', '224')",-0.125
"('256', '231')",-0.375
"('263', '200')",-0.3166666666666669
"('263', '862')",-0.16666666666666652
"('273', '377')",-0.3666666666666665
"('288', '207')",-0.6333333333333333
"('288', '641')",-0.33333333333333326
"('288', '805')",-0.5
"('288', '890')",-0.16666666666666652
"('308', '193')",-0.16666666666666652
"('308', '572')",-0.2916666666666665
"('341', '603')",-0.33333333333333326
"('378', '355')",0.0
"('444', '528')",-0.375
"('444', '545')",-0.5416666666666665
"('444', '564')",-0.375
"('444', '719')",-0.4166666666666665
"('444', '961')",-0.375
"('537', '736')",-0.25
"('537', '844')",-0.25
"('552', '217')",0.08333333333333348
"('577', '809')",-0.25
"('637', '505')",-0.33333333333333326
"('661', '410')",-0.2916666666666665
"('661', '700')",-0.4166666666666665
"('661', '762')",-0.25
"('665', '258')",-0.2916666666666665
"('665', '890')",0.16666666666666674
"('720', '229')",-0.41666666666666674
"('720', '914')",-0.16666666666666652
"('834', '719')",0.16666666666666685
"('910', '567')",0.08333333333333348
"('958', '470')",-0.30000000000000027
"('968', '23')",-0.3500000000000001
"('26', '27')",-0.6785714285714279
"('26', '43')",-0.7083333333333328
"('26', '73')",-0.6547619047619047
"('26', '77')",-0.7380952380952377
"('26', '219')",-0.7380952380952372
"('26', '241')",-0.4523809523809521
"('26', '316')",-0.5833333333333335
"('26', '476')",-0.38095238095238027
"('26', '513')",-0.5595238095238091
"('26', '601')",-0.63095238095238
"('26', '630')",-0.547619047619047
"('26', '778')",-0.35714285714285676
"('26', '781')",-0.4523809523809521
"('26', '799')",-0.42857142857142816
"('26', '806')",-0.7285714285714284
"('62', '33')",-0.6806722689075622
"('62', '72')",-0.732142857142857
"('62', '117')",-0.669642857142857
"('62', '122')",-0.6071428571428572
"('62', '138')",-0.6071428571428572
"('62', '166')",-0.6928571428571422
"('62', '251')",-0.642857142857143
"('62', '255')",-0.607142857142857
"('62', '338')",-0.4880952380952379
"('62', '476')",-0.3214285714285716
"('62', '504')",-0.7285714285714282
"('62', '983')",-0.392857142857143
"('103', '110')",-0.7207792207792214
"('103', '267')",-0.40909090909090895
"('103', '350')",-0.6636363636363636
"('103', '514')",-0.4090909090909087
"('103', '530')",-0.606060606060606
"('103', '658')",-0.5303030303030298
"('103', '729')",-0.3636363636363633
"('103', '950')",-0.3636363636363633
"('103', '995')",-0.3636363636363633
"('112', '114')",-0.55
"('112', '751')",-0.4166666666666665
"('112', '784')",-0.5
"('112', '959')",-0.25
"('120', '483')",-0.39772727272727226
"('120', '980')",-0.25
"('128', '656')",-0.4166666666666665
"('128', '819')",-0.4166666666666665
"('131', '142')",-0.1666666666666663
"('131', '364')",-0.4166666666666665
"('131', '546')",-0.5
"('131', '922')",-0.08333333333333304
"('142', '326')",-0.16666666666666652
"('178', '372')",-0.10000000000000009
"('178', '682')",-0.19999999999999996
"('178', '905')",-0.30000000000000027
"('189', '194')",-0.25
"('189', '278')",-0.25
"('225', '110')",-0.4999999999999998
"('225', '258')",-0.375
"('261', '95')",-0.2777777777777777
"('269', '33')",-0.40196078431372495
"('269', '433')",-0.33333333333333326
"('285', '304')",-0.5357142857142851
"('285', '310')",-0.25
"('332', '99')",-0.25
"('355', '292')",-0.5
"('355', '772')",-0.125
"('390', '708')",-0.25
"('390', '735')",-0.25
"('422', '219')",-0.46428571428571397
"('422', '744')",-0.125
"('422', '846')",-0.25
"('467', '206')",-0.3500000000000001
"('522', '664')",-0.3125
"('522', '698')",-0.375
"('522', '740')",-0.5
"('522', '818')",-0.375
"('522', '821')",-0.5416666666666665
"('522', '932')",-0.25
"('539', '54')",-0.36363636363636376
"('543', '589')",0.41666666666666674
"('565', '483')",-0.39393939393939337
"('565', '748')",-0.16666666666666652
"('581', '431')",0.08333333333333348
"('583', '116')",-0.14285714285714235
"('595', '993')",-0.16666666666666652
"('662', '158')",-0.24999999999999978
"('662', '928')",-0.16666666666666652
"('695', '96')",-0.125
"('721', '335')",-0.30000000000000027
"('743', '822')",-0.16666666666666652
"('780', '158')",-0.0625
"('808', '81')",-0.375
"('816', '530')",-0.08333333333333326
"('882', '260')",-0.10000000000000009
"('885', '427')",-0.4523809523809519
"('885', '962')",-0.16666666666666652
"('908', '27')",-0.3055555555555556
"('946', '260')",-0.2666666666666666
"('946', '955')",-0.16666666666666652
"('15', '43')",-0.5312499999999998
"('15', '83')",-0.44999999999999996
"('33', '35')",-0.7712418300653583
"('33', '108')",-0.7760180995475112
"('33', '179')",-0.5735294117647056
"('33', '250')",-0.44117647058823506
"('33', '265')",-0.4117647058823526
"('33', '375')",-0.7745098039215677
"('33', '398')",-0.5784313725490191
"('33', '402')",-0.6823529411764697
"('33', '487')",-0.5784313725490187
"('33', '684')",-0.41176470588235237
"('33', '772')",-0.3529411764705881
"('33', '829')",-0.44117647058823506
"('61', '27')",-0.4722222222222219
"('61', '482')",-0.2916666666666665
"('64', '24')",-0.607142857142857
"('64', '232')",-0.7207792207792205
"('64', '305')",-0.5357142857142854
"('64', '464')",-0.35714285714285676
"('64', '582')",-0.21428571428571397
"('152', '239')",-0.41666666666666674
"('152', '264')",-0.6458333333333333
"('152', '681')",-0.25
"('152', '949')",-0.33333333333333326
"('218', '108')",-0.43589743589743635
"('218', '235')",-0.16666666666666652
"('243', '499')",0.0
"('276', '172')",-0.3928571428571428
"('382', '290')",-0.30000000000000004
"('382', '498')",2.220446049250313e-16
"('434', '72')",-0.33333333333333304
"('494', '449')",-0.16666666666666652
"('627', '119')",-0.19999999999999996
"('707', '148')",-0.2777777777777781
"('764', '248')",-0.25
"('764', '771')",-0.16666666666666652
"('913', '248')",-0.08333333333333326
"('990', '231')",-0.3125
"('59', '47')",-0.6590909090909085
"('59', '73')",-0.5681818181818179
"('59', '123')",-0.5303030303030298
"('59', '135')",-0.6727272727272731
"('59', '210')",-0.6616161616161618
"('59', '441')",-0.40909090909090895
"('59', '451')",-0.40909090909090895
"('59', '937')",-0.40909090909090895
"('59', '963')",-0.40909090909090895
"('88', '320')",-0.16666666666666652
"('190', '438')",-0.16666666666666652
"('246', '27')",-0.7222222222222217
"('246', '311')",-0.38888888888888906
"('246', '449')",-0.5555555555555556
"('246', '490')",-0.5277777777777779
"('246', '562')",-0.2777777777777779
"('246', '606')",-0.38888888888888906
"('246', '856')",-0.3333333333333335
"('336', '125')",-0.3333333333333337
"('468', '430')",-0.125
"('625', '76')",-0.3125
"('685', '470')",-0.30000000000000004
"('66', '403')",-0.4166666666666665
"('66', '424')",-0.125
"('116', '262')",-0.35714285714285676
"('116', '614')",-0.607142857142857
"('116', '618')",-0.35714285714285676
"('116', '895')",-0.35714285714285676
"('186', '135')",-0.3500000000000001
"('284', '591')",-0.25
"('284', '768')",-0.125
"('318', '443')",-0.25
"('318', '826')",-0.125
"('430', '257')",-0.49999999999999956
"('430', '875')",-0.125
"('593', '944')",-0.16666666666666652
"('653', '234')",-0.3999999999999999
"('655', '221')",-0.3500000000000001
"('807', '733')",-0.16666666666666652
"('23', '24')",-0.4500000000000006
"('23', '72')",-0.6499999999999992
"('23', '206')",-0.6500000000000004
"('23', '260')",-0.6000000000000005
"('23', '459')",0.0
"('23', '483')",-0.80909090909091
"('23', '832')",-0.40000000000000036
"('24', '67')",-0.7333333333333327
"('24', '325')",-0.3500000000000003
"('24', '459')",0.0
"('24', '658')",-0.5166666666666666
"('24', '742')",-0.40000000000000036
"('24', '863')",-0.40000000000000036
"('28', '37')",-0.7395833333333333
"('28', '41')",-0.6071428571428572
"('28', '70')",-0.6333333333333335
"('28', '161')",-0.6785714285714282
"('28', '215')",-0.7797619047619038
"('28', '250')",-0.45238095238095233
"('28', '371')",-0.607142857142857
"('28', '445')",-0.40476190476190443
"('28', '547')",-0.5714285714285705
"('28', '606')",-0.4523809523809521
"('28', '679')",-0.6190476190476184
"('28', '838')",-0.4523809523809521
"('28', '853')",-0.4523809523809521
"('28', '916')",-0.42857142857142816
"('28', '925')",-0.45238095238095233
"('51', '81')",-0.7410714285714282
"('51', '99')",-0.7321428571428565
"('51', '274')",-0.357142857142857
"('51', '487')",-0.5952380952380951
"('51', '523')",-0.5714285714285714
"('51', '555')",-0.3928571428571428
"('51', '556')",-0.4285714285714284
"('51', '740')",-0.6071428571428572
"('51', '794')",-0.4285714285714288
"('51', '886')",-0.392857142857143
"('51', '932')",-0.357142857142857
"('76', '404')",-0.4791666666666665
"('76', '531')",-0.375
"('76', '607')",-0.375
"('76', '970')",-0.375
"('76', '988')",-0.25
"('105', '230')",-0.4666666666666668
"('105', '301')",-0.30000000000000004
"('105', '754')",-0.20000000000000018
"('110', '140')",-0.4880952380952377
"('110', '153')",-0.5952380952380953
"('110', '208')",-0.4880952380952379
"('110', '410')",-0.5238095238095233
"('110', '486')",-0.4285714285714288
"('110', '631')",-0.5595238095238093
"('110', '689')",-0.5952380952380953
"('110', '857')",-0.3928571428571428
"('110', '893')",-0.5238095238095237
"('117', '130')",-0.4375
"('117', '143')",-0.5625
"('117', '388')",-0.625
"('117', '718')",0.0
"('117', '719')",-0.5416666666666665
"('125', '221')",-0.7388888888888889
"('125', '249')",-0.5000000000000002
"('125', '492')",-0.3333333333333335
"('125', '570')",-0.3333333333333335
"('125', '858')",-0.6388888888888891
"('125', '893')",-0.38888888888888884
"('148', '167')",-0.6666666666666667
"('148', '216')",-0.5000000000000002
"('148', '239')",-0.44444444444444464
"('148', '251')",-0.5833333333333337
"('148', '616')",-0.38888888888888906
"('148', '952')",-0.3333333333333335
"('222', '262')",-0.16666666666666652
"('226', '215')",-0.1875
"('317', '365')",-0.25
"('317', '547')",-0.16666666666666652
"('339', '54')",-0.53030303030303
"('339', '860')",-0.16666666666666652
"('364', '716')",-0.16666666666666652
"('393', '375')",-0.5
"('393', '670')",-0.16666666666666652
"('395', '236')",-0.3749999999999998
"('395', '619')",0.0
"('448', '108')",-0.5128205128205126
"('448', '638')",-0.16666666666666674
"('520', '179')",0.0
"('559', '163')",-0.16666666666666652
"('573', '402')",-0.30000000000000004
"('671', '287')",-0.41666666666666674
"('671', '731')",-0.16666666666666652
"('725', '877')",-0.16666666666666652
"('775', '456')",-0.125
"('917', '77')",-0.21428571428571375
"('130', '848')",-0.125
"('305', '373')",-0.25
"('305', '398')",-0.2916666666666665
"('702', '353')",-0.125
"('78', '91')",-0.3666666666666665
"('78', '249')",-0.3666666666666667
"('78', '569')",-0.19999999999999996
"('185', '852')",-0.16666666666666652
"('194', '210')",-0.5555555555555556
"('200', '272')",-0.30000000000000027
"('200', '282')",-0.5500000000000003
"('200', '351')",-0.6499999999999999
"('200', '387')",-0.40000000000000036
"('200', '421')",-0.516666666666667
"('200', '749')",-0.30000000000000027
"('208', '756')",-0.16666666666666652
"('455', '546')",-0.4166666666666665
"('455', '571')",-0.25
"('612', '37')",-0.4062499999999998
"('624', '972')",0.0
"('828', '568')",-0.30000000000000027
"('874', '70')",-0.19999999999999996
"('137', '35')",-0.3333333333333335
"('291', '236')",-0.4791666666666665
"('291', '511')",-0.4166666666666665
"('353', '402')",-0.4500000000000002
"('368', '337')",-0.466666666666667
"('368', '602')",-0.33333333333333326
"('368', '929')",-0.33333333333333304
"('368', '943')",-0.24999999999999978
"('574', '72')",-0.33333333333333304
"('888', '989')",-0.16666666666666652
"('34', '688')",-0.25
"('49', '991')",-0.16666666666666652
"('70', '323')",-0.19999999999999996
"('70', '896')",-0.19999999999999996
"('81', '315')",-0.4791666666666665
"('81', '423')",-0.5416666666666665
"('81', '447')",-0.5416666666666665
"('81', '482')",-0.5625
"('81', '659')",-0.4791666666666665
"('98', '72')",-0.5416666666666665
"('98', '533')",-0.16666666666666652
"('106', '27')",-0.6333333333333326
"('106', '135')",-0.55
"('106', '274')",-0.10000000000000009
"('106', '300')",-0.19999999999999996
"('177', '202')",-0.16666666666666652
"('212', '143')",-0.25
"('221', '248')",-0.6833333333333336
"('221', '346')",-0.3500000000000003
"('221', '425')",-0.7571428571428567
"('221', '496')",-0.3500000000000003
"('221', '703')",-0.40000000000000036
"('221', '711')",-0.5666666666666669
"('221', '999')",-0.40000000000000036
"('229', '704')",-0.25
"('229', '756')",-0.3333333333333335
"('229', '865')",-0.41666666666666674
"('286', '386')",-0.19999999999999996
"('286', '484')",-0.30000000000000004
"('286', '609')",-0.55
"('295', '462')",-0.2916666666666665
"('295', '771')",-0.25
"('351', '446')",-0.2916666666666665
"('351', '527')",-0.375
"('371', '530')",-0.5
"('371', '669')",-0.2916666666666665
"('454', '158')",-0.25
"('456', '400')",-0.44999999999999996
"('456', '741')",-0.25
"('502', '65')",-0.5490196078431371
"('502', '997')",-0.16666666666666652
"('920', '111')",-0.4166666666666665
"('920', '933')",-0.16666666666666652
"('947', '135')",-0.30000000000000004
"('969', '893')",2.220446049250313e-16
"('43', '58')",-0.5416666666666665
"('43', '65')",-0.7610294117647056
"('43', '91')",-0.5729166666666665
"('43', '111')",-0.7187499999999998
"('43', '170')",-0.5104166666666665
"('43', '176')",-0.6562499999999998
"('43', '224')",-0.6874999999999998
"('43', '242')",-0.4374999999999998
"('43', '617')",-0.40624999999999956
"('43', '618')",-0.4374999999999998
"('43', '676')",-0.6041666666666665
"('43', '786')",-0.4062499999999998
"('83', '529')",-0.30000000000000004
"('83', '557')",-0.30000000000000004
"('83', '744')",-0.19999999999999996
"('96', '193')",-0.4375
"('96', '534')",-0.375
"('96', '701')",0.0
"('96', '734')",-0.4166666666666665
"('199', '635')",-0.16666666666666652
"('275', '65')",-0.5490196078431364
"('275', '443')",-0.16666666666666652
"('303', '27')",-0.5277777777777768
"('303', '335')",-0.3666666666666665
"('544', '210')",-0.3888888888888893
"('722', '283')",-0.30000000000000004
"('63', '334')",-0.55
"('63', '408')",-0.5666666666666669
"('63', '419')",-0.40000000000000036
"('63', '568')",-0.6999999999999997
"('63', '572')",-0.5500000000000003
"('63', '866')",-0.30000000000000027
"('63', '930')",-0.3500000000000001
"('99', '352')",-0.6875
"('99', '505')",-0.45833333333333326
"('99', '609')",-0.5625
"('99', '960')",-0.3125
"('118', '599')",-0.44999999999999996
"('118', '842')",-0.2666666666666666
"('158', '240')",-0.4166666666666665
"('158', '617')",-0.3125
"('188', '134')",-0.375
"('188', '859')",-0.25
"('193', '640')",-0.25
"('223', '998')",-0.16666666666666652
"('236', '314')",-0.3125
"('236', '638')",-0.4791666666666665
"('236', '641')",-0.375
"('236', '674')",-0.5416666666666665
"('248', '682')",-0.25
"('248', '979')",-0.33333333333333326
"('255', '356')",-0.25
"('255', '677')",-0.25
"('421', '911')",0.16666666666666674
"('479', '427')",-0.4523809523809519
"('479', '792')",-0.16666666666666652
"('41', '410')",-0.2916666666666665
"('41', '512')",0.0
"('119', '65')",-0.6529411764705879
"('119', '292')",-0.5500000000000003
"('119', '728')",-0.30000000000000004
"('400', '388')",-0.55
"('400', '960')",-0.19999999999999996
"('400', '993')",-0.30000000000000004
"('472', '463')",-0.25
"('480', '354')",-0.3888888888888893
"('506', '176')",-0.25
"('532', '592')",-0.16666666666666652
"('798', '530')",-0.33333333333333326
"('842', '921')",-0.16666666666666652
"('144', '135')",-0.7750000000000004
"('144', '242')",-0.375
"('144', '388')",-0.625
"('144', '391')",-0.5416666666666665
"('144', '412')",-0.5416666666666665
"('367', '542')",-0.16666666666666652
"('730', '37')",-0.375
"('948', '141')",-0.28571428571428537
"('27', '47')",-0.5555555555555551
"('27', '121')",-0.6388888888888882
"('27', '167')",-0.7777777777777768
"('27', '306')",-0.6388888888888884
"('27', '509')",-0.4166666666666663
"('27', '545')",-0.5555555555555549
"('27', '651')",-0.4166666666666663
"('27', '712')",-0.6111111111111105
"('27', '754')",-0.4166666666666665
"('47', '381')",-0.3333333333333335
"('47', '464')",-0.3333333333333335
"('47', '900')",-0.33333333333333304
"('141', '156')",-0.5357142857142854
"('141', '161')",-0.5357142857142854
"('141', '843')",-0.35714285714285676
"('163', '293')",-0.33333333333333326
"('163', '529')",-0.3333333333333335
"('163', '813')",-0.25
"('301', '872')",0.0
"('417', '121')",-0.2222222222222221
"('475', '683')",-0.16666666666666674
"('696', '198')",-0.3888888888888893
"('738', '347')",-0.25
"('787', '700')",-0.16666666666666652
"('790', '485')",-0.46666666666666656
"('790', '887')",-0.4166666666666665
"('854', '819')",2.220446049250313e-16
"('883', '865')",2.220446049250313e-16
"('892', '765')",-0.125
"('72', '94')",-0.583333333333333
"('72', '337')",-0.6333333333333333
"('72', '582')",-0.33333333333333304
"('72', '633')",-0.4166666666666665
"('72', '785')",-0.3749999999999998
"('72', '909')",-0.6666666666666667
"('72', '919')",-0.4166666666666663
"('206', '207')",-0.7000000000000002
"('206', '280')",-0.516666666666667
"('206', '287')",-0.6833333333333336
"('206', '338')",-0.41666666666666674
"('206', '650')",-0.5166666666666668
"('206', '699')",-0.3500000000000003
"('206', '847')",-0.40000000000000036
"('260', '283')",-0.5
"('483', '521')",-0.40909090909090917
"('483', '540')",-0.4090909090909087
"('483', '601')",-0.48863636363636354
"('483', '605')",-0.40909090909090895
"('483', '630')",-0.3939393939393938
"('483', '681')",-0.3636363636363633
"('483', '982')",-0.40909090909090895
"('832', '680')",-0.16666666666666652
"('67', '79')",-0.6666666666666665
"('67', '282')",-0.5
"('67', '733')",-0.41666666666666674
"('67', '835')",-0.33333333333333326
"('325', '167')",-0.2500000000000002
"('658', '933')",-0.16666666666666652
"('742', '95')",-0.3888888888888893
"('232', '345')",-0.797979797979798
"('232', '670')",-0.40909090909090895
"('232', '697')",-0.40909090909090895
"('232', '761')",-0.40909090909090895
"('232', '810')",-0.5757575757575755
"('232', '814')",-0.4090909090909087
"('232', '821')",-0.5757575757575755
"('232', '855')",-0.4090909090909087
"('232', '929')",-0.4090909090909087
"('270', '592')",-0.25
"('270', '777')",-0.16666666666666652
"('319', '365')",-0.25
"('319', '425')",-0.6071428571428568
"('462', '827')",-0.33333333333333326
"('724', '482')",-0.125
"('898', '65')",-0.3529411764705881
"('73', '717')",-0.25
"('73', '791')",-0.25
"('77', '646')",-0.35714285714285676
"('77', '793')",-0.35714285714285676
"('77', '889')",-0.35714285714285676
"('219', '37')",-0.7008928571428568
"('219', '323')",-0.28571428571428514
"('219', '788')",-0.5238095238095233
"('219', '979')",-0.35714285714285676
"('219', '987')",-0.2857142857142856
"('241', '228')",-0.33333333333333326
"('316', '716')",-0.25
"('513', '621')",0.125
"('513', '746')",0.0
"('601', '714')",-0.4166666666666665
"('601', '957')",-0.25
"('630', '667')",-0.16666666666666652
"('778', '138')",0.0
"('781', '35')",-0.3888888888888893
"('806', '497')",-0.4666666666666668
"('806', '825')",-0.19999999999999996
"('806', '833')",-0.4666666666666668
"('806', '966')",-0.30000000000000004
"('121', '310')",-0.38888888888888906
"('121', '499')",-0.3333333333333335
"('121', '553')",-0.38888888888888906
"('121', '580')",-0.4444444444444444
"('121', '597')",-0.38888888888888906
"('121', '703')",-0.38888888888888906
"('167', '183')",-0.3333333333333335
"('167', '403')",-0.4999999999999998
"('167', '416')",-0.5
"('306', '354')",-0.5833333333333337
"('306', '765')",-0.25
"('545', '580')",0.0
"('651', '558')",-0.125
"('712', '396')",-0.5
"('712', '962')",-0.33333333333333326
"('37', '58')",-0.5729166666666663
"('37', '133')",-0.37499999999999956
"('37', '369')",-0.6041666666666663
"('37', '521')",-0.4374999999999998
"('37', '560')",-0.43749999999999956
"('37', '660')",-0.4374999999999998
"('37', '732')",-0.37499999999999956
"('37', '769')",-0.4374999999999998
"('37', '817')",-0.4374999999999998
"('161', '451')",-0.25
"('161', '977')",-0.25
"('215', '143')",-0.6875
"('215', '558')",-0.625
"('215', '578')",-0.5416666666666665
"('215', '770')",-0.375
"('215', '847')",-0.375
"('547', '723')",-0.16666666666666652
"('679', '463')",-0.5416666666666665
"('679', '755')",-0.16666666666666652
"('838', '628')",-0.33333333333333326
"('853', '784')",-0.16666666666666652
"('916', '561')",-0.125
"('925', '198')",-0.3888888888888893
"('763', '495')",-0.16666666666666652
"('35', '54')",-0.7070707070707072
"('35', '123')",-0.4444444444444442
"('35', '498')",-0.3333333333333335
"('35', '824')",-0.38888888888888906
"('79', '134')",-0.5833333333333335
"('79', '438')",-0.38888888888888906
"('79', '470')",-0.6888888888888889
"('79', '632')",-0.38888888888888906
"('79', '748')",-0.38888888888888906
"('79', '766')",-0.3333333333333335
"('79', '987')",-0.3333333333333335
"('133', '553')",-0.16666666666666652
"('211', '220')",0.41666666666666674
"('334', '491')",-0.25
"('334', '845')",-0.25
"('360', '466')",-0.16666666666666652
"('485', '354')",-0.6333333333333333
"('485', '504')",-0.5000000000000002
"('485', '871')",-0.30000000000000004
"('526', '234')",-0.3999999999999999
"('758', '751')",-0.33333333333333326
"('758', '992')",-0.16666666666666652
"('342', '683')",-0.16666666666666652
"('363', '290')",-0.44999999999999996
"('363', '649')",-0.125
"('363', '879')",-0.25
"('458', '731')",-0.16666666666666652
"('505', '672')",-0.16666666666666674
"('505', '680')",-0.41666666666666674
"('505', '706')",-0.33333333333333304
"('527', '822')",-0.25
"('541', '108')",-0.34615384615384603
"('578', '934')",-0.16666666666666652
"('836', '609')",-0.125
"('111', '138')",-0.5
"('111', '432')",-0.5416666666666665
"('111', '511')",-0.625
"('111', '669')",-0.4791666666666665
"('650', '935')",0.0
"('108', '143')",-0.7355769230769229
"('108', '396')",-0.7564102564102562
"('108', '412')",-0.5897435897435894
"('108', '423')",-0.5897435897435894
"('108', '428')",-0.6730769230769229
"('108', '493')",-0.5897435897435894
"('108', '830')",-0.5897435897435894
"('108', '982')",-0.42307692307692313
"('375', '95')",-0.7222222222222221
"('375', '418')",-0.6333333333333333
"('375', '586')",-0.3333333333333335
"('375', '596')",-0.33333333333333326
"('398', '899')",-0.16666666666666652
"('402', '628')",-0.6333333333333333
"('829', '610')",-0.16666666666666652
"('688', '156')",-0.25
"('54', '508')",-0.3636363636363633
"('54', '785')",-0.3636363636363633
"('54', '811')",-0.3636363636363633
"('54', '881')",-0.40909090909090895
"('123', '174')",-0.3666666666666667
"('824', '352')",-0.375
"('517', '762')",-0.16666666666666652
"('58', '209')",-0.5512820512820513
"('369', '321')",-0.4166666666666665
"('369', '936')",-0.16666666666666652
"('660', '404')",-0.16666666666666652
"('769', '57')",-0.25
"('817', '493')",-0.16666666666666652
"('170', '477')",-0.3666666666666667
"('283', '607')",-0.30000000000000004
"('283', '923')",-0.30000000000000027
"('216', '277')",-0.33333333333333326
"('228', '231')",-0.7083333333333335
"('228', '320')",-0.3333333333333335
"('228', '705')",-0.5
"('497', '338')",-0.33333333333333326
"('463', '465')",-0.375
"('463', '611')",-0.375
"('463', '964')",-0.375
"('734', '985')",-0.16666666666666652
"('512', '65')",-0.38235294117647056
"('231', '380')",-0.625
"('231', '441')",-0.375
"('231', '568')",-0.675
"('231', '812')",-0.675
"('298', '210')",-0.5555555555555554
"('298', '895')",-0.16666666666666652
"('65', '267')",-0.4411764705882346
"('65', '287')",-0.7745098039215677
"('65', '321')",-0.6911764705882342
"('65', '335')",-0.6823529411764699
"('65', '561')",-0.6617647058823521
"('65', '570')",-0.41176470588235237
"('65', '737')",-0.44117647058823506
"('65', '894')",-0.41176470588235237
"('91', '470')",-0.46666666666666656
"('176', '198')",-0.6388888888888888
"('224', '293')",-0.25
"('676', '887')",-0.4166666666666665
"('786', '240')",2.220446049250313e-16
"('160', '235')",-0.35714285714285676
"('160', '373')",-0.35714285714285676
"('160', '415')",-0.5238095238095233
"('160', '654')",-0.35714285714285676
"('160', '954')",-0.35714285714285676
"('518', '405')",-0.2916666666666665
"('57', '264')",-0.5625
"('205', '348')",-0.5357142857142854
"('205', '407')",-0.28571428571428537
"('205', '436')",-0.5238095238095235
"('205', '654')",-0.35714285714285676
"('277', '936')",-0.16666666666666652
"('380', '460')",-0.25
"('380', '751')",-0.2916666666666665
"('656', '869')",-0.16666666666666652
"('991', '401')",-0.35714285714285676
"('525', '257')",-0.5833333333333335
"('525', '633')",-0.25
"('525', '963')",-0.25
"('523', '680')",-0.2916666666666665
"('523', '873')",-0.25
"('740', '827')",-0.4166666666666665
"('794', '504')",-0.30000000000000004
"('886', '249')",2.220446049250313e-16
"('337', '508')",-0.19999999999999996
"('927', '403')",-0.16666666666666652
"('94', '234')",-0.5
"('94', '752')",-0.2916666666666665
"('413', '234')",-0.2500000000000002
"('745', '257')",-0.5
"('881', '209')",-0.4230769230769229
"('114', '157')",-0.2999999999999998
"('114', '584')",-0.46666666666666656
"('114', '591')",-0.30000000000000004
"('264', '437')",-0.375
"('264', '687')",-0.375
"('264', '841')",0.0
"('209', '214')",-0.5512820512820511
"('209', '230')",-0.5897435897435894
"('209', '347')",-0.6730769230769227
"('209', '605')",-0.4230769230769229
"('209', '628')",-0.7564102564102562
"('209', '727')",-0.4230769230769227
"('209', '733')",-0.5512820512820507
"('209', '766')",-0.3846153846153839
"('209', '862')",-0.4230769230769227
"('209', '974')",-0.38461538461538436
"('135', '153')",-0.5666666666666667
"('135', '302')",-0.5166666666666666
"('135', '602')",-0.40000000000000036
"('135', '705')",-0.5666666666666667
"('135', '797')",-0.30000000000000004
"('210', '687')",-0.38888888888888906
"('210', '797')",-0.2777777777777779
"('210', '809')",-0.38888888888888906
"('937', '752')",-0.16666666666666652
"('138', '571')",-0.25
"('166', '326')",-0.3666666666666667
"('166', '557')",-0.30000000000000004
"('166', '867')",-0.19999999999999996
"('251', '551')",-0.25
"('251', '717')",-0.25
"('504', '981')",-0.30000000000000027
"('983', '304')",-0.2857142857142856
"('408', '280')",-0.33333333333333326
"('408', '416')",-0.33333333333333326
"('419', '304')",-0.35714285714285676
"('568', '915')",-0.30000000000000004
"('568', '928')",-0.30000000000000004
"('572', '584')",-0.4166666666666665
"('572', '708')",-0.25
"('930', '599')",-0.125
"('287', '354')",-0.6111111111111112
"('287', '620')",-0.33333333333333326
"('287', '986')",-0.33333333333333326
"('321', '204')",-0.5
"('321', '636')",-0.25
"('335', '450')",-0.30000000000000004
"('335', '477')",-0.5
"('561', '425')",-0.607142857142857
"('561', '953')",-0.25
"('737', '172')",-0.4285714285714286
"('424', '354')",-0.3333333333333337
"('282', '427')",-0.5357142857142856
"('835', '409')",-0.16666666666666652
"('95', '257')",-0.7222222222222223
"('95', '409')",-0.4444444444444444
"('95', '474')",-0.38888888888888906
"('95', '616')",-0.38888888888888906
"('207', '575')",-0.55
"('207', '864')",-0.30000000000000027
"('909', '546')",-0.4166666666666665
"('909', '944')",-0.25
"('909', '998')",-0.25
"('791', '674')",-0.16666666666666652
"('644', '440')",-0.25
"('404', '239')",-0.16666666666666674
"('531', '477')",-0.30000000000000004
"('793', '257')",-0.33333333333333326
"('889', '304')",-0.35714285714285676
"('134', '613')",-0.4166666666666665
"('470', '503')",-0.30000000000000027
"('234', '550')",-0.5666666666666669
"('234', '564')",-0.40000000000000036
"('234', '631')",-0.5666666666666664
"('234', '699')",-0.30000000000000027
"('234', '954')",-0.40000000000000036
"('290', '198')",-0.5777777777777777
"('290', '773')",-0.10000000000000009
"('405', '873')",-0.25
"('461', '153')",-0.16666666666666652
"('315', '333')",-0.16666666666666652
"('447', '432')",-0.33333333333333326
"('447', '465')",-0.16666666666666652
"('659', '427')",-0.5238095238095233
"('124', '347')",-0.41666666666666674
"('941', '669')",-0.16666666666666652
"('258', '409')",-0.16666666666666652
"('345', '396')",-0.7222222222222225
"('345', '481')",-0.5
"('345', '614')",-0.4027777777777777
"('345', '636')",-0.38888888888888906
"('345', '867')",-0.3333333333333337
"('345', '870')",-0.0277777777777779
"('257', '172')",-0.726190476190476
"('474', '352')",-0.375
"('394', '923')",-0.25
"('394', '999')",-0.25
"('428', '673')",-0.25
"('428', '949')",-0.25
"('439', '198')",-0.3333333333333337
"('533', '704')",2.220446049250313e-16
"('352', '536')",-0.3125
"('352', '603')",-0.5416666666666665
"('352', '914')",-0.375
"('609', '880')",-0.25
"('350', '432')",-0.4666666666666668
"('350', '491')",-0.30000000000000004
"('350', '985')",-0.30000000000000004
"('530', '924')",-0.16666666666666652
"('995', '962')",2.220446049250313e-16
"('156', '813')",-0.125
"('214', '784')",-0.33333333333333326
"('309', '420')",0.0
"('230', '907')",-0.16666666666666652
"('143', '172')",-0.8035714285714284
"('143', '386')",-0.3125
"('143', '446')",-0.4166666666666665
"('143', '761')",-0.375
"('396', '640')",-0.3333333333333335
"('396', '700')",-0.5
"('396', '736')",-0.33333333333333304
"('412', '765')",-0.41666666666666674
"('830', '861')",0.0
"('486', '401')",-0.35714285714285676
"('689', '620')",-0.33333333333333326
"('689', '912')",-0.16666666666666652
"('511', '551')",-0.25
"('511', '697')",-0.25
"('584', '980')",-0.16666666666666652
"('614', '870')",0.25
"('614', '897')",-0.25
"('388', '550')",-0.4166666666666665
"('599', '891')",-0.25
"('292', '837')",-0.25
"('580', '635')",-0.16666666666666652
"('174', '358')",-0.19999999999999996
"('174', '575')",-0.55
"('347', '433')",-0.4166666666666665
"('858', '765')",-0.375
"('858', '901')",-0.125
"('858', '942')",-0.25
"('271', '333')",-0.25
"('271', '746')",-0.125
"('613', '777')",0.0
"('172', '280')",-0.5595238095238093
"('172', '401')",-0.7142857142857142
"('172', '466')",-0.4285714285714284
"('172', '585')",-0.4285714285714288
"('172', '805')",-0.5952380952380953
"('172', '820')",-0.4285714285714284
"('172', '935')",-0.3928571428571428
"('172', '940')",-0.4285714285714288
"('939', '638')",-0.16666666666666652
"('833', '852')",-0.16666666666666652
"('848', '446')",2.220446049250313e-16
"('302', '418')",-0.46666666666666656
"('705', '981')",-0.16666666666666652
"('391', '354')",-0.4444444444444442
"('391', '620')",0.0
"('435', '304')",-0.5238095238095233
"('435', '449')",-0.33333333333333326
"('198', '278')",-0.38888888888888906
"('198', '440')",-0.5833333333333335
"('198', '484')",-0.38888888888888906
"('604', '804')",-0.25
"('604', '994')",-0.25
"('436', '899')",-0.16666666666666652
"('558', '904')",-0.25
"('415', '715')",-0.33333333333333326
"('481', '639')",-0.16666666666666652
"('416', '992')",-0.16666666666666652
"('204', '673')",-0.25
"('715', '851')",-0.16666666666666652
"('477', '967')",-0.30000000000000004
"('477', '971')",-0.30000000000000004
"('401', '865')",-0.5238095238095233
"('401', '875')",-0.2857142857142856
"('585', '377')",-0.30000000000000004
"('805', '877')",-0.16666666666666652
"('940', '550')",-0.16666666666666652
"('575', '860')",-0.25
"('575', '957')",-0.25
"('366', '354')",-0.3888888888888893
"('905', '634')",-0.25
"('634', '677')",-0.25
"('437', '841')",0.25
"('437', '997')",-0.25
"('440', '596')",-0.25
"('348', '698')",-0.25
"('348', '915')",-0.25
"('864', '714')",-0.16666666666666652
"('628', '711')",-0.5
"('628', '921')",-0.3333333333333335
"('628', '953')",-0.33333333333333304
"('770', '427')",-0.35714285714285676
"('788', '418')",-0.4666666666666668
"('788', '955')",-0.16666666666666652
"('425', '427')",-0.714285714285714
"('425', '489')",-0.5238095238095233
"('425', '714')",-0.5238095238095233
"('425', '897')",-0.35714285714285676
"('711', '801')",-0.16666666666666652
"('812', '810')",-0.4666666666666668
"('812', '844')",-0.2999999999999998
"('812', '869')",-0.30000000000000004
"('812', '986')",-0.30000000000000004
"('821', '964')",-0.16666666666666652
"('490', '503')",-0.25
"('490', '757')",-0.125
"('489', '610')",-0.33333333333333326
"('433', '739')",-0.16666666666666652
"('777', '994')",-0.16666666666666652
"('377', '648')",-0.30000000000000004
"('377', '675')",-0.4666666666666668
"('427', '668')",-0.4523809523809521
"('354', '901')",-0.3333333333333335
"('418', '783')",-0.30000000000000004
"('418', '967')",-0.30000000000000004
"('548', '668')",-0.16666666666666674
"('603', '792')",-0.16666666666666652
"('675', '741')",-0.16666666666666652
"('668', '723')",-0.16666666666666652
"('961', '827')",-0.16666666666666652
"('934', '887')",-0.25
"('891', '887')",-0.25
