Node1,Node2,Ollivier-Ricci Curvature
0,1,0.0
0,2,0.0
0,3,0.0
0,4,0.0
0,5,0.0
0,6,0.0
0,7,0.0
0,8,0.0
0,10,0.0
0,11,0.0
0,12,0.0
0,15,0.0
0,17,0.0
0,18,0.0
0,22,0.0
0,23,0.0
0,27,0.0
0,32,0.0
0,34,0.0
0,35,0.0
0,37,0.0
0,38,0.0
0,40,0.0
0,42,0.0
0,48,0.0
0,50,0.0
0,64,0.0
0,66,0.0
0,68,0.0
0,69,0.0
0,72,0.0
0,76,0.0
0,83,0.0
0,85,0.0
0,96,0.0
0,102,0.0
0,114,0.0
0,117,0.0
0,118,0.0
0,128,0.0
0,132,0.0
0,133,0.0
0,135,0.0
0,138,0.0
0,145,0.0
0,152,0.0
0,153,0.0
0,164,0.0
0,171,0.0
0,172,0.0
0,173,0.0
0,187,0.0
0,190,0.0
0,203,0.0
0,208,0.0
0,215,0.0
0,224,0.0
0,225,0.0
0,235,0.0
0,236,0.0
0,238,0.0
0,260,0.0
0,272,0.0
0,288,0.0
0,303,0.0
0,304,0.0
0,308,0.0
0,309,0.0
0,315,0.0
0,331,0.0
0,360,0.0
0,371,0.0
0,374,0.0
0,383,0.0
0,387,0.0
0,391,0.0
0,413,0.0
0,426,0.0
0,469,0.0
0,473,0.0
0,477,0.0
0,482,0.0
0,501,0.0
0,511,0.0
0,517,0.0
0,535,0.0
0,541,0.0
0,559,0.0
0,566,0.0
0,597,0.0
0,614,0.0
0,621,0.0
0,630,0.0
0,636,0.0
0,646,0.0
0,729,0.0
0,734,0.0
0,739,0.0
0,740,0.0
0,802,0.0
0,814,0.0
0,817,0.0
0,820,0.0
0,873,0.0
0,896,0.0
0,912,0.0
0,925,0.0
0,967,0.0
0,983,0.0
1,4,0.0
1,5,0.0
1,10,0.0
1,16,0.0
1,19,0.0
1,22,0.0
1,43,0.0
1,51,0.0
1,53,0.0
1,66,0.0
1,91,0.0
1,94,0.0
1,105,0.0
1,147,0.0
1,231,0.0
1,235,0.0
1,247,0.0
1,264,0.0
1,281,0.0
1,370,0.0
1,373,0.0
1,398,0.0
1,408,0.0
1,413,0.0
1,415,0.0
1,443,0.0
1,531,0.0
1,541,0.0
1,569,0.0
1,585,0.0
1,599,0.0
1,601,0.0
1,617,0.0
1,695,0.0
1,828,0.0
1,845,0.0
1,868,0.0
1,886,0.0
1,960,0.0
2,4,0.0
2,5,0.0
2,6,0.0
2,7,0.0
2,9,0.0
2,10,0.0
2,11,0.0
2,12,0.0
2,13,0.0
2,18,0.0
2,19,0.0
2,20,0.0
2,21,0.0
2,23,0.0
2,24,0.0
2,29,0.0
2,30,0.0
2,35,0.0
2,38,0.0
2,41,0.0
2,58,0.0
2,67,0.0
2,69,0.0
2,74,0.0
2,75,0.0
2,78,0.0
2,80,0.0
2,81,0.0
2,82,0.0
2,84,0.0
2,92,0.0
2,98,0.0
2,101,0.0
2,102,0.0
2,103,0.0
2,111,0.0
2,123,0.0
2,139,0.0
2,148,0.0
2,150,0.0
2,158,0.0
2,170,0.0
2,171,0.0
2,190,0.0
2,200,0.0
2,205,0.0
2,221,0.0
2,225,0.0
2,268,0.0
2,269,0.0
2,279,0.0
2,280,0.0
2,284,0.0
2,287,0.0
2,311,0.0
2,319,0.0
2,358,0.0
2,369,0.0
2,374,0.0
2,378,0.0
2,393,0.0
2,396,0.0
2,436,0.0
2,476,0.0
2,484,0.0
2,507,0.0
2,508,0.0
2,521,0.0
2,530,0.0
2,543,0.0
2,563,0.0
2,568,0.0
2,570,0.0
2,593,0.0
2,603,0.0
2,648,0.0
2,660,0.0
2,702,0.0
2,711,0.0
2,721,0.0
2,764,0.0
2,782,0.0
2,793,0.0
2,811,0.0
2,829,0.0
2,845,0.0
2,901,0.0
2,910,0.0
2,973,0.0
3,98,0.0
4,7,0.0
4,8,0.0
4,15,0.0
4,16,0.0
4,20,0.0
4,26,0.0
4,31,0.0
4,33,0.0
4,48,0.0
4,57,0.0
4,58,0.0
4,64,0.0
4,75,0.0
4,86,0.0
4,95,0.0
4,104,0.0
4,110,0.0
4,114,0.0
4,117,0.0
4,122,0.0
4,138,0.0
4,157,0.0
4,159,0.0
4,168,0.0
4,170,0.0
4,177,0.0
4,190,0.0
4,192,0.0
4,197,0.0
4,199,0.0
4,201,0.0
4,211,0.0
4,227,0.0
4,231,0.0
4,238,0.0
4,243,0.0
4,300,0.0
4,325,0.0
4,342,0.0
4,346,0.0
4,360,0.0
4,391,0.0
4,415,0.0
4,442,0.0
4,455,0.0
4,468,0.0
4,470,0.0
4,474,0.0
4,481,0.0
4,492,0.0
4,541,0.0
4,544,0.0
4,548,0.0
4,557,0.0
4,588,0.0
4,589,0.0
4,593,0.0
4,627,0.0
4,660,0.0
4,737,0.0
4,738,0.0
4,779,0.0
4,824,0.0
4,847,0.0
4,874,0.0
4,888,0.0
4,902,0.0
5,6,0.0
5,8,0.0
5,9,0.0
5,14,0.0
5,17,0.0
5,18,0.0
5,23,0.0
5,25,0.0
5,28,0.0
5,37,0.0
5,49,0.0
5,51,0.0
5,83,0.0
5,86,0.0
5,92,0.0
5,97,0.0
5,113,0.0
5,132,0.0
5,183,0.0
5,194,0.0
5,224,0.0
5,301,0.0
5,317,0.0
5,340,0.0
5,361,0.0
5,393,0.0
5,403,0.0
5,440,0.0
5,442,0.0
5,476,0.0
5,477,0.0
5,521,0.0
5,526,0.0
5,619,0.0
5,631,0.0
5,664,0.0
5,671,0.0
5,701,0.0
5,760,0.0
5,764,0.0
5,799,0.0
5,810,0.0
5,877,0.0
5,916,0.0
5,945,0.0
5,958,0.0
5,984,0.0
6,11,0.0
6,12,0.0
6,14,0.0
6,15,0.0
6,17,0.0
6,21,0.0
6,24,0.0
6,26,0.0
6,27,0.0
6,29,0.0
6,32,0.0
6,36,0.0
6,41,0.0
6,45,0.0
6,51,0.0
6,66,0.0
6,72,0.0
6,82,0.0
6,93,0.0
6,100,0.0
6,101,0.0
6,108,0.0
6,115,0.0
6,116,0.0
6,127,0.0
6,133,0.0
6,139,0.0
6,150,0.0
6,169,0.0
6,173,0.0
6,175,0.0
6,182,0.0
6,192,0.0
6,209,0.0
6,214,0.0
6,230,0.0
6,245,0.0
6,251,0.0
6,254,0.0
6,266,0.0
6,291,0.0
6,301,0.0
6,305,0.0
6,333,0.0
6,350,0.0
6,398,0.0
6,400,0.0
6,410,0.0
6,416,0.0
6,424,0.0
6,432,0.0
6,439,0.0
6,455,0.0
6,468,0.0
6,499,0.0
6,505,0.0
6,526,0.0
6,548,0.0
6,553,0.0
6,653,0.0
6,676,0.0
6,687,0.0
6,706,0.0
6,738,0.0
6,741,0.0
6,747,0.0
6,775,0.0
6,783,0.0
6,818,0.0
6,878,0.0
6,886,0.0
6,889,0.0
6,891,0.0
6,894,0.0
6,903,0.0
6,939,0.0
6,986,0.0
7,9,0.0
7,13,0.0
7,26,0.0
7,44,0.0
7,106,0.0
7,123,0.0
7,195,0.0
7,205,0.0
7,207,0.0
7,250,0.0
7,259,0.0
7,303,0.0
7,366,0.0
7,381,0.0
7,384,0.0
7,385,0.0
7,458,0.0
7,725,0.0
7,783,0.0
7,785,0.0
8,14,0.0
8,34,0.0
8,71,0.0
8,107,0.0
8,121,0.0
8,143,0.0
8,202,0.0
8,250,0.0
8,470,0.0
8,552,0.0
8,595,0.0
8,622,0.0
8,704,0.0
8,779,0.0
8,881,0.0
8,989,0.0
10,13,0.0
10,19,0.0
10,40,0.0
10,48,0.0
10,143,0.0
10,166,0.0
10,191,0.0
10,214,0.0
10,227,0.0
10,240,0.0
10,241,0.0
10,251,0.0
10,258,0.0
10,332,0.0
10,351,0.0
10,391,0.0
10,419,0.0
10,422,0.0
10,464,0.0
10,562,0.0
10,566,0.0
10,610,0.0
10,749,0.0
10,853,0.0
10,883,0.0
10,918,0.0
11,39,0.0
11,44,0.0
11,47,0.0
11,54,0.0
11,55,0.0
11,56,0.0
11,59,0.0
11,61,0.0
11,70,0.0
11,74,0.0
11,94,0.0
11,99,0.0
11,118,0.0
11,129,0.0
11,151,0.0
11,204,0.0
11,207,0.0
11,210,0.0
11,237,0.0
11,239,0.0
11,245,0.0
11,251,0.0
11,257,0.0
11,319,0.0
11,332,0.0
11,342,0.0
11,345,0.0
11,351,0.0
11,352,0.0
11,354,0.0
11,363,0.0
11,379,0.0
11,443,0.0
11,460,0.0
11,530,0.0
11,683,0.0
11,724,0.0
11,728,0.0
11,755,0.0
11,786,0.0
11,816,0.0
11,827,0.0
11,856,0.0
12,21,0.0
12,43,0.0
12,130,0.0
12,257,0.0
12,472,0.0
15,43,0.0
15,83,0.0
15,96,0.0
15,108,0.0
15,221,0.0
15,238,0.0
15,304,0.0
15,318,0.0
15,320,0.0
15,338,0.0
15,361,0.0
15,364,0.0
15,402,0.0
15,433,0.0
15,463,0.0
15,561,0.0
15,620,0.0
15,701,0.0
15,702,0.0
15,758,0.0
15,804,0.0
15,878,0.0
15,937,0.0
17,59,0.0
17,62,0.0
17,95,0.0
17,98,0.0
17,100,0.0
17,120,0.0
17,145,0.0
17,181,0.0
17,211,0.0
17,270,0.0
17,427,0.0
17,432,0.0
17,446,0.0
17,449,0.0
17,502,0.0
17,561,0.0
17,613,0.0
17,633,0.0
17,680,0.0
17,742,0.0
17,753,0.0
17,808,0.0
17,834,0.0
17,843,0.0
17,862,0.0
17,913,0.0
17,915,0.0
17,995,0.0
18,36,0.0
18,54,0.0
18,113,0.0
18,253,0.0
18,643,0.0
18,748,0.0
18,983,0.0
18,990,0.0
22,20,0.0
22,24,0.0
22,35,0.0
22,42,0.0
22,56,0.0
22,65,0.0
22,67,0.0
22,78,0.0
22,90,0.0
22,101,0.0
22,116,0.0
22,180,0.0
22,194,0.0
22,231,0.0
22,232,0.0
22,244,0.0
22,250,0.0
22,282,0.0
22,310,0.0
22,348,0.0
22,534,0.0
22,536,0.0
22,542,0.0
22,563,0.0
22,585,0.0
22,678,0.0
22,745,0.0
22,756,0.0
22,844,0.0
22,872,0.0
22,889,0.0
22,919,0.0
22,920,0.0
22,944,0.0
22,961,0.0
22,968,0.0
22,990,0.0
23,25,0.0
23,240,0.0
23,762,0.0
27,16,0.0
27,41,0.0
27,77,0.0
27,102,0.0
27,308,0.0
27,386,0.0
27,478,0.0
27,608,0.0
27,700,0.0
27,743,0.0
32,31,0.0
32,33,0.0
32,53,0.0
32,63,0.0
32,73,0.0
32,122,0.0
32,141,0.0
32,148,0.0
32,158,0.0
32,178,0.0
32,179,0.0
32,191,0.0
32,234,0.0
32,273,0.0
32,310,0.0
32,357,0.0
32,369,0.0
32,375,0.0
32,412,0.0
32,454,0.0
32,485,0.0
32,656,0.0
32,661,0.0
32,711,0.0
32,756,0.0
32,796,0.0
32,809,0.0
32,879,0.0
34,31,0.0
34,39,0.0
34,65,0.0
34,777,0.0
34,949,0.0
34,991,0.0
35,46,0.0
35,182,0.0
35,261,0.0
35,321,0.0
35,500,0.0
35,529,0.0
35,709,0.0
35,710,0.0
37,29,0.0
37,40,0.0
37,56,0.0
37,82,0.0
37,195,0.0
37,263,0.0
37,268,0.0
37,378,0.0
37,729,0.0
38,19,0.0
38,42,0.0
38,44,0.0
38,132,0.0
38,142,0.0
38,154,0.0
38,160,0.0
38,161,0.0
38,186,0.0
38,193,0.0
38,232,0.0
38,248,0.0
38,277,0.0
38,292,0.0
38,320,0.0
38,367,0.0
38,441,0.0
38,829,0.0
38,866,0.0
38,974,0.0
40,45,0.0
40,68,0.0
40,71,0.0
40,169,0.0
40,193,0.0
40,404,0.0
40,675,0.0
40,946,0.0
42,167,0.0
42,341,0.0
42,639,0.0
42,982,0.0
48,50,0.0
48,76,0.0
48,90,0.0
48,97,0.0
48,134,0.0
48,206,0.0
48,381,0.0
48,429,0.0
48,724,0.0
48,871,0.0
50,31,0.0
50,59,0.0
50,62,0.0
50,85,0.0
50,128,0.0
50,130,0.0
50,229,0.0
50,248,0.0
50,264,0.0
50,295,0.0
50,368,0.0
50,448,0.0
50,511,0.0
50,515,0.0
50,612,0.0
50,703,0.0
50,707,0.0
50,720,0.0
50,736,0.0
50,852,0.0
64,14,0.0
64,178,0.0
66,79,0.0
66,267,0.0
66,272,0.0
66,328,0.0
66,353,0.0
66,519,0.0
66,670,0.0
66,726,0.0
66,784,0.0
66,858,0.0
68,58,0.0
68,84,0.0
68,284,0.0
68,353,0.0
68,403,0.0
68,582,0.0
68,818,0.0
68,836,0.0
69,25,0.0
69,490,0.0
72,56,0.0
72,73,0.0
72,131,0.0
72,314,0.0
72,339,0.0
72,484,0.0
72,642,0.0
72,830,0.0
72,854,0.0
76,20,0.0
76,96,0.0
76,121,0.0
76,175,0.0
76,675,0.0
76,703,0.0
76,800,0.0
83,87,0.0
83,364,0.0
83,439,0.0
83,528,0.0
83,543,0.0
83,547,0.0
83,556,0.0
83,816,0.0
83,824,0.0
83,871,0.0
85,60,0.0
85,126,0.0
85,307,0.0
85,361,0.0
85,446,0.0
85,486,0.0
85,568,0.0
85,695,0.0
85,708,0.0
85,837,0.0
85,839,0.0
85,913,0.0
96,161,0.0
96,218,0.0
96,292,0.0
96,350,0.0
96,457,0.0
96,510,0.0
96,895,0.0
96,896,0.0
102,246,0.0
102,282,0.0
102,471,0.0
102,885,0.0
114,20,0.0
114,268,0.0
114,315,0.0
114,341,0.0
114,406,0.0
114,498,0.0
114,531,0.0
114,640,0.0
114,667,0.0
114,672,0.0
114,709,0.0
114,748,0.0
114,769,0.0
114,927,0.0
114,964,0.0
117,20,0.0
117,220,0.0
117,224,0.0
117,394,0.0
117,429,0.0
117,528,0.0
117,813,0.0
117,842,0.0
117,861,0.0
117,991,0.0
118,73,0.0
118,890,0.0
128,20,0.0
128,304,0.0
128,850,0.0
132,366,0.0
132,625,0.0
132,877,0.0
133,75,0.0
133,149,0.0
133,744,0.0
133,909,0.0
135,14,0.0
135,25,0.0
135,947,0.0
138,101,0.0
138,278,0.0
138,300,0.0
138,822,0.0
145,143,0.0
145,176,0.0
145,219,0.0
145,305,0.0
145,821,0.0
152,95,0.0
152,142,0.0
152,185,0.0
152,921,0.0
153,31,0.0
153,51,0.0
153,830,0.0
164,80,0.0
164,116,0.0
164,287,0.0
164,555,0.0
164,680,0.0
164,879,0.0
164,963,0.0
171,115,0.0
172,30,0.0
172,67,0.0
172,463,0.0
173,142,0.0
173,189,0.0
173,217,0.0
173,258,0.0
173,267,0.0
173,312,0.0
173,329,0.0
173,379,0.0
173,401,0.0
173,478,0.0
173,491,0.0
173,572,0.0
173,596,0.0
173,888,0.0
173,994,0.0
187,93,0.0
187,125,0.0
187,402,0.0
187,929,0.0
190,969,0.0
203,25,0.0
203,59,0.0
203,347,0.0
203,437,0.0
203,440,0.0
208,119,0.0
208,188,0.0
208,516,0.0
215,31,0.0
215,33,0.0
215,932,0.0
215,992,0.0
224,302,0.0
224,576,0.0
224,614,0.0
224,747,0.0
224,758,0.0
224,765,0.0
224,766,0.0
224,957,0.0
225,141,0.0
225,226,0.0
225,362,0.0
225,610,0.0
225,657,0.0
225,688,0.0
225,776,0.0
225,910,0.0
235,60,0.0
235,262,0.0
235,337,0.0
235,522,0.0
235,976,0.0
236,47,0.0
236,120,0.0
236,337,0.0
236,423,0.0
236,495,0.0
236,508,0.0
236,540,0.0
236,591,0.0
238,735,0.0
238,960,0.0
260,108,0.0
260,123,0.0
260,968,0.0
272,183,0.0
272,332,0.0
272,376,0.0
272,908,0.0
288,53,0.0
288,94,0.0
288,775,0.0
288,939,0.0
303,246,0.0
303,311,0.0
303,751,0.0
303,967,0.0
304,386,0.0
304,395,0.0
304,719,0.0
304,920,0.0
308,30,0.0
309,28,0.0
309,258,0.0
309,358,0.0
309,497,0.0
309,600,0.0
309,620,0.0
309,624,0.0
315,91,0.0
315,334,0.0
315,858,0.0
315,867,0.0
315,879,0.0
331,198,0.0
331,323,0.0
331,598,0.0
360,357,0.0
360,488,0.0
371,141,0.0
371,166,0.0
371,644,0.0
371,800,0.0
374,324,0.0
383,53,0.0
383,322,0.0
383,592,0.0
387,106,0.0
387,240,0.0
387,390,0.0
387,767,0.0
387,923,0.0
387,976,0.0
391,397,0.0
391,481,0.0
391,642,0.0
391,784,0.0
391,807,0.0
413,276,0.0
426,337,0.0
426,369,0.0
469,254,0.0
469,339,0.0
469,831,0.0
473,47,0.0
473,421,0.0
473,519,0.0
473,774,0.0
473,934,0.0
473,944,0.0
477,207,0.0
477,538,0.0
482,95,0.0
482,251,0.0
501,119,0.0
501,353,0.0
501,663,0.0
511,316,0.0
517,125,0.0
517,179,0.0
535,258,0.0
535,287,0.0
535,727,0.0
559,343,0.0
559,536,0.0
559,565,0.0
559,654,0.0
559,670,0.0
559,813,0.0
559,826,0.0
559,939,0.0
566,372,0.0
597,30,0.0
597,87,0.0
597,903,0.0
614,417,0.0
614,648,0.0
621,20,0.0
621,349,0.0
621,788,0.0
630,9,0.0
630,607,0.0
636,103,0.0
636,548,0.0
646,31,0.0
646,33,0.0
646,662,0.0
646,998,0.0
729,719,0.0
729,821,0.0
734,53,0.0
734,65,0.0
734,876,0.0
739,98,0.0
739,176,0.0
740,593,0.0
740,738,0.0
802,249,0.0
802,316,0.0
802,923,0.0
814,111,0.0
814,562,0.0
817,26,0.0
817,602,0.0
820,478,0.0
820,548,0.0
873,130,0.0
873,340,0.0
873,898,0.0
896,665,0.0
912,650,0.0
912,664,0.0
925,286,0.0
925,471,0.0
967,396,0.0
983,21,0.0
16,13,0.0
16,175,0.0
16,220,0.0
16,237,0.0
16,270,0.0
16,377,0.0
16,407,0.0
16,503,0.0
16,832,0.0
16,922,0.0
19,47,0.0
19,70,0.0
19,73,0.0
19,77,0.0
19,79,0.0
19,88,0.0
19,142,0.0
19,144,0.0
19,165,0.0
19,177,0.0
19,212,0.0
19,237,0.0
19,279,0.0
19,293,0.0
19,392,0.0
19,393,0.0
19,488,0.0
19,490,0.0
19,505,0.0
19,570,0.0
19,598,0.0
19,615,0.0
19,666,0.0
19,795,0.0
19,956,0.0
19,970,0.0
19,971,0.0
43,183,0.0
43,205,0.0
43,239,0.0
43,438,0.0
43,506,0.0
43,533,0.0
43,546,0.0
51,60,0.0
51,75,0.0
51,88,0.0
51,141,0.0
51,255,0.0
51,321,0.0
51,368,0.0
51,414,0.0
51,476,0.0
51,507,0.0
51,680,0.0
51,725,0.0
51,770,0.0
51,835,0.0
51,852,0.0
51,997,0.0
53,24,0.0
53,54,0.0
53,88,0.0
53,108,0.0
53,188,0.0
53,229,0.0
53,291,0.0
53,395,0.0
53,408,0.0
53,625,0.0
53,684,0.0
53,741,0.0
53,972,0.0
91,25,0.0
91,47,0.0
91,316,0.0
91,354,0.0
91,531,0.0
91,580,0.0
91,670,0.0
94,67,0.0
94,126,0.0
94,185,0.0
94,214,0.0
94,223,0.0
94,230,0.0
94,339,0.0
94,461,0.0
94,486,0.0
94,572,0.0
94,591,0.0
94,608,0.0
94,645,0.0
94,666,0.0
94,731,0.0
94,872,0.0
94,923,0.0
94,949,0.0
105,36,0.0
105,67,0.0
105,111,0.0
105,848,0.0
105,880,0.0
105,938,0.0
147,29,0.0
147,97,0.0
231,384,0.0
231,882,0.0
231,927,0.0
247,213,0.0
247,241,0.0
247,405,0.0
247,791,0.0
247,987,0.0
264,241,0.0
264,534,0.0
264,629,0.0
264,999,0.0
281,57,0.0
281,267,0.0
281,378,0.0
281,600,0.0
281,687,0.0
370,126,0.0
370,346,0.0
373,45,0.0
373,177,0.0
373,445,0.0
373,721,0.0
373,809,0.0
373,917,0.0
398,24,0.0
398,772,0.0
408,194,0.0
415,93,0.0
443,156,0.0
569,111,0.0
569,155,0.0
569,707,0.0
569,757,0.0
569,889,0.0
585,125,0.0
585,629,0.0
599,20,0.0
599,544,0.0
599,693,0.0
599,934,0.0
601,204,0.0
601,594,0.0
601,840,0.0
617,167,0.0
617,270,0.0
695,45,0.0
828,369,0.0
828,381,0.0
845,448,0.0
845,897,0.0
868,586,0.0
868,738,0.0
886,229,0.0
960,45,0.0
9,25,0.0
9,30,0.0
9,36,0.0
9,146,0.0
9,216,0.0
9,242,0.0
9,277,0.0
9,296,0.0
9,414,0.0
9,441,0.0
9,749,0.0
9,768,0.0
9,798,0.0
13,28,0.0
13,57,0.0
13,63,0.0
13,87,0.0
13,167,0.0
13,180,0.0
13,300,0.0
13,376,0.0
13,388,0.0
13,423,0.0
13,448,0.0
13,516,0.0
13,659,0.0
13,682,0.0
13,701,0.0
13,744,0.0
13,749,0.0
13,804,0.0
13,838,0.0
13,906,0.0
13,964,0.0
20,14,0.0
20,28,0.0
20,29,0.0
20,30,0.0
20,31,0.0
20,39,0.0
20,52,0.0
20,63,0.0
20,86,0.0
20,124,0.0
20,131,0.0
20,146,0.0
20,165,0.0
20,181,0.0
20,229,0.0
20,242,0.0
20,243,0.0
20,280,0.0
20,319,0.0
20,352,0.0
20,428,0.0
20,431,0.0
20,435,0.0
20,461,0.0
20,654,0.0
20,655,0.0
20,692,0.0
20,708,0.0
20,709,0.0
20,713,0.0
20,810,0.0
20,831,0.0
21,84,0.0
21,90,0.0
21,93,0.0
21,107,0.0
21,125,0.0
21,174,0.0
21,179,0.0
21,182,0.0
21,292,0.0
21,484,0.0
21,555,0.0
21,600,0.0
21,604,0.0
21,632,0.0
21,634,0.0
21,883,0.0
21,954,0.0
24,49,0.0
24,150,0.0
24,155,0.0
24,167,0.0
24,230,0.0
24,277,0.0
24,299,0.0
24,348,0.0
24,768,0.0
24,773,0.0
24,806,0.0
24,834,0.0
24,846,0.0
24,903,0.0
24,940,0.0
29,196,0.0
29,233,0.0
29,241,0.0
29,344,0.0
29,385,0.0
29,435,0.0
29,490,0.0
29,539,0.0
29,577,0.0
30,67,0.0
30,80,0.0
30,154,0.0
30,184,0.0
30,227,0.0
30,322,0.0
30,589,0.0
30,607,0.0
30,619,0.0
30,743,0.0
30,933,0.0
41,100,0.0
41,134,0.0
41,156,0.0
41,168,0.0
41,327,0.0
41,436,0.0
41,619,0.0
41,730,0.0
41,930,0.0
58,55,0.0
58,81,0.0
58,120,0.0
58,140,0.0
58,202,0.0
58,314,0.0
58,492,0.0
58,496,0.0
58,674,0.0
67,136,0.0
67,310,0.0
67,416,0.0
67,941,0.0
74,31,0.0
74,453,0.0
75,520,0.0
78,31,0.0
78,80,0.0
78,199,0.0
78,273,0.0
78,716,0.0
78,805,0.0
78,933,0.0
80,188,0.0
80,254,0.0
80,523,0.0
80,780,0.0
81,59,0.0
82,388,0.0
82,404,0.0
82,493,0.0
84,497,0.0
84,631,0.0
84,785,0.0
84,841,0.0
92,73,0.0
92,400,0.0
92,487,0.0
92,574,0.0
92,763,0.0
98,120,0.0
98,124,0.0
98,129,0.0
98,294,0.0
98,343,0.0
98,444,0.0
98,466,0.0
98,649,0.0
98,681,0.0
98,761,0.0
98,777,0.0
98,917,0.0
101,103,0.0
101,104,0.0
101,123,0.0
101,134,0.0
101,137,0.0
101,163,0.0
101,168,0.0
101,184,0.0
101,256,0.0
101,276,0.0
101,278,0.0
101,295,0.0
101,306,0.0
101,321,0.0
101,324,0.0
101,342,0.0
101,380,0.0
101,406,0.0
101,509,0.0
101,741,0.0
103,25,0.0
103,106,0.0
103,202,0.0
103,211,0.0
103,255,0.0
103,280,0.0
103,823,0.0
103,981,0.0
111,33,0.0
111,151,0.0
111,223,0.0
111,540,0.0
111,609,0.0
123,186,0.0
123,323,0.0
123,480,0.0
123,578,0.0
139,116,0.0
139,228,0.0
139,283,0.0
139,322,0.0
139,347,0.0
139,399,0.0
139,595,0.0
148,25,0.0
148,307,0.0
148,326,0.0
148,466,0.0
148,523,0.0
148,579,0.0
148,635,0.0
148,776,0.0
148,860,0.0
148,905,0.0
150,154,0.0
150,338,0.0
150,396,0.0
150,515,0.0
150,596,0.0
150,711,0.0
150,759,0.0
150,797,0.0
158,61,0.0
158,178,0.0
158,396,0.0
158,539,0.0
158,652,0.0
170,31,0.0
170,198,0.0
170,755,0.0
200,45,0.0
200,197,0.0
200,649,0.0
205,222,0.0
205,243,0.0
205,269,0.0
205,271,0.0
205,274,0.0
205,283,0.0
205,330,0.0
205,340,0.0
205,514,0.0
205,584,0.0
205,798,0.0
205,858,0.0
205,904,0.0
205,935,0.0
205,957,0.0
205,991,0.0
221,122,0.0
221,323,0.0
221,389,0.0
221,611,0.0
221,793,0.0
221,955,0.0
221,995,0.0
221,999,0.0
268,376,0.0
268,789,0.0
269,196,0.0
279,104,0.0
279,524,0.0
279,550,0.0
279,564,0.0
279,698,0.0
279,724,0.0
280,365,0.0
280,458,0.0
280,459,0.0
280,582,0.0
280,725,0.0
280,948,0.0
284,195,0.0
287,146,0.0
287,688,0.0
287,737,0.0
287,752,0.0
287,975,0.0
311,54,0.0
311,434,0.0
311,509,0.0
311,685,0.0
311,686,0.0
311,778,0.0
311,928,0.0
319,637,0.0
358,204,0.0
358,533,0.0
358,839,0.0
358,963,0.0
369,106,0.0
369,392,0.0
369,891,0.0
369,946,0.0
393,464,0.0
393,496,0.0
393,607,0.0
396,638,0.0
396,768,0.0
436,54,0.0
476,638,0.0
484,857,0.0
484,931,0.0
507,99,0.0
507,508,0.0
507,520,0.0
508,583,0.0
508,690,0.0
521,266,0.0
521,766,0.0
521,869,0.0
530,119,0.0
530,594,0.0
530,805,0.0
543,107,0.0
563,346,0.0
563,679,0.0
568,86,0.0
568,615,0.0
568,661,0.0
570,547,0.0
570,698,0.0
570,902,0.0
593,574,0.0
603,31,0.0
603,261,0.0
648,432,0.0
648,692,0.0
660,255,0.0
660,910,0.0
660,922,0.0
702,120,0.0
702,743,0.0
711,866,0.0
721,301,0.0
764,752,0.0
764,795,0.0
782,665,0.0
782,733,0.0
793,14,0.0
793,945,0.0
793,946,0.0
811,119,0.0
811,283,0.0
829,812,0.0
901,31,0.0
901,474,0.0
901,957,0.0
910,956,0.0
973,167,0.0
973,803,0.0
26,99,0.0
26,212,0.0
26,265,0.0
26,667,0.0
26,846,0.0
31,25,0.0
31,33,0.0
31,45,0.0
31,46,0.0
31,52,0.0
31,61,0.0
31,89,0.0
31,97,0.0
31,124,0.0
31,126,0.0
31,143,0.0
31,149,0.0
31,159,0.0
31,165,0.0
31,196,0.0
31,256,0.0
31,262,0.0
31,265,0.0
31,301,0.0
31,325,0.0
31,327,0.0
31,336,0.0
31,411,0.0
31,445,0.0
31,447,0.0
31,548,0.0
31,554,0.0
31,556,0.0
31,560,0.0
31,573,0.0
31,578,0.0
31,579,0.0
31,594,0.0
31,634,0.0
31,663,0.0
31,679,0.0
31,682,0.0
31,716,0.0
31,773,0.0
31,783,0.0
31,796,0.0
31,801,0.0
31,854,0.0
31,875,0.0
31,887,0.0
31,890,0.0
31,931,0.0
33,52,0.0
33,60,0.0
33,174,0.0
33,189,0.0
33,192,0.0
33,552,0.0
33,856,0.0
33,892,0.0
57,25,0.0
57,110,0.0
57,156,0.0
57,404,0.0
86,89,0.0
86,297,0.0
86,626,0.0
95,25,0.0
95,115,0.0
95,137,0.0
95,163,0.0
95,246,0.0
95,290,0.0
95,296,0.0
95,307,0.0
95,329,0.0
95,355,0.0
95,382,0.0
95,421,0.0
95,431,0.0
95,439,0.0
95,458,0.0
95,515,0.0
95,582,0.0
95,681,0.0
95,787,0.0
95,953,0.0
104,52,0.0
104,659,0.0
104,696,0.0
110,47,0.0
110,112,0.0
122,49,0.0
122,286,0.0
122,346,0.0
157,25,0.0
157,71,0.0
157,759,0.0
157,933,0.0
159,60,0.0
159,345,0.0
168,536,0.0
168,900,0.0
177,156,0.0
177,327,0.0
177,357,0.0
192,245,0.0
192,502,0.0
197,100,0.0
197,186,0.0
197,274,0.0
199,97,0.0
199,588,0.0
199,803,0.0
199,883,0.0
201,54,0.0
201,60,0.0
201,497,0.0
201,567,0.0
201,755,0.0
211,244,0.0
211,266,0.0
211,359,0.0
211,421,0.0
211,452,0.0
211,453,0.0
211,514,0.0
211,824,0.0
211,935,0.0
227,489,0.0
227,503,0.0
300,544,0.0
300,720,0.0
325,230,0.0
325,558,0.0
325,704,0.0
325,860,0.0
325,982,0.0
342,402,0.0
342,938,0.0
346,229,0.0
346,924,0.0
442,175,0.0
442,786,0.0
455,249,0.0
468,249,0.0
468,996,0.0
470,167,0.0
470,500,0.0
470,705,0.0
470,958,0.0
474,154,0.0
474,183,0.0
481,62,0.0
481,650,0.0
481,763,0.0
481,932,0.0
492,330,0.0
492,586,0.0
492,844,0.0
544,322,0.0
548,637,0.0
548,722,0.0
548,842,0.0
557,54,0.0
557,267,0.0
588,450,0.0
588,863,0.0
588,900,0.0
589,515,0.0
589,664,0.0
589,730,0.0
627,47,0.0
627,586,0.0
737,376,0.0
738,213,0.0
738,790,0.0
779,754,0.0
847,45,0.0
847,605,0.0
874,226,0.0
874,493,0.0
888,129,0.0
902,825,0.0
14,46,0.0
14,106,0.0
14,119,0.0
14,127,0.0
14,129,0.0
14,136,0.0
14,137,0.0
14,162,0.0
14,209,0.0
14,234,0.0
14,249,0.0
14,252,0.0
14,365,0.0
14,463,0.0
14,485,0.0
14,546,0.0
14,549,0.0
14,655,0.0
14,722,0.0
14,819,0.0
14,904,0.0
14,969,0.0
25,49,0.0
25,55,0.0
25,61,0.0
25,77,0.0
25,109,0.0
25,112,0.0
25,121,0.0
25,185,0.0
25,234,0.0
25,240,0.0
25,285,0.0
25,295,0.0
25,312,0.0
25,336,0.0
25,344,0.0
25,349,0.0
25,414,0.0
25,450,0.0
25,510,0.0
25,512,0.0
25,545,0.0
25,586,0.0
25,615,0.0
25,700,0.0
25,753,0.0
25,757,0.0
25,863,0.0
25,875,0.0
28,60,0.0
28,65,0.0
28,99,0.0
28,216,0.0
28,421,0.0
28,673,0.0
28,785,0.0
28,990,0.0
49,89,0.0
49,259,0.0
49,282,0.0
49,289,0.0
49,334,0.0
49,343,0.0
49,462,0.0
49,632,0.0
49,641,0.0
49,950,0.0
97,109,0.0
97,218,0.0
97,349,0.0
97,669,0.0
97,713,0.0
113,61,0.0
113,210,0.0
113,422,0.0
113,493,0.0
113,495,0.0
113,792,0.0
183,129,0.0
183,475,0.0
183,494,0.0
183,623,0.0
183,977,0.0
194,156,0.0
194,451,0.0
194,605,0.0
194,635,0.0
301,447,0.0
301,602,0.0
317,251,0.0
317,263,0.0
317,522,0.0
340,100,0.0
340,475,0.0
340,590,0.0
340,760,0.0
361,745,0.0
361,787,0.0
361,959,0.0
403,163,0.0
403,456,0.0
403,509,0.0
403,587,0.0
403,633,0.0
403,696,0.0
440,379,0.0
440,441,0.0
526,420,0.0
526,790,0.0
526,911,0.0
619,754,0.0
631,323,0.0
664,394,0.0
664,733,0.0
671,245,0.0
671,420,0.0
671,693,0.0
760,90,0.0
799,55,0.0
799,670,0.0
810,478,0.0
877,214,0.0
916,217,0.0
916,754,0.0
945,198,0.0
945,965,0.0
958,849,0.0
984,163,0.0
984,756,0.0
36,47,0.0
36,174,0.0
36,267,0.0
36,271,0.0
36,286,0.0
36,405,0.0
45,144,0.0
45,160,0.0
45,184,0.0
45,193,0.0
45,285,0.0
45,472,0.0
45,690,0.0
45,757,0.0
45,885,0.0
45,924,0.0
45,994,0.0
93,54,0.0
93,195,0.0
93,420,0.0
93,647,0.0
93,899,0.0
93,961,0.0
100,359,0.0
100,444,0.0
100,694,0.0
100,904,0.0
100,992,0.0
108,207,0.0
108,228,0.0
108,345,0.0
108,420,0.0
108,865,0.0
108,998,0.0
115,106,0.0
115,233,0.0
115,255,0.0
115,539,0.0
115,651,0.0
115,705,0.0
116,99,0.0
116,130,0.0
116,141,0.0
116,228,0.0
116,861,0.0
127,99,0.0
127,140,0.0
127,151,0.0
127,256,0.0
127,350,0.0
127,386,0.0
127,478,0.0
127,587,0.0
127,683,0.0
127,942,0.0
127,976,0.0
169,119,0.0
169,579,0.0
169,977,0.0
175,909,0.0
182,324,0.0
182,838,0.0
209,130,0.0
209,220,0.0
209,291,0.0
209,499,0.0
209,796,0.0
209,856,0.0
214,843,0.0
230,506,0.0
230,763,0.0
230,997,0.0
245,341,0.0
245,395,0.0
245,658,0.0
245,954,0.0
245,959,0.0
251,330,0.0
251,411,0.0
251,623,0.0
251,800,0.0
254,249,0.0
254,392,0.0
254,574,0.0
266,55,0.0
266,498,0.0
266,942,0.0
291,423,0.0
291,608,0.0
305,136,0.0
305,394,0.0
305,407,0.0
305,652,0.0
305,857,0.0
305,866,0.0
333,141,0.0
333,267,0.0
333,359,0.0
333,908,0.0
350,362,0.0
350,616,0.0
400,307,0.0
400,921,0.0
410,54,0.0
410,120,0.0
410,573,0.0
410,795,0.0
416,229,0.0
416,645,0.0
424,241,0.0
424,332,0.0
424,974,0.0
432,367,0.0
432,489,0.0
432,788,0.0
499,265,0.0
499,645,0.0
505,462,0.0
553,61,0.0
553,276,0.0
553,667,0.0
553,813,0.0
653,513,0.0
653,558,0.0
653,993,0.0
676,240,0.0
676,453,0.0
676,895,0.0
676,897,0.0
676,936,0.0
687,430,0.0
706,357,0.0
706,388,0.0
741,812,0.0
747,143,0.0
747,970,0.0
775,516,0.0
783,836,0.0
818,141,0.0
818,833,0.0
878,322,0.0
891,381,0.0
894,709,0.0
894,816,0.0
986,241,0.0
986,295,0.0
44,446,0.0
106,188,0.0
106,249,0.0
106,314,0.0
106,347,0.0
106,658,0.0
106,752,0.0
106,898,0.0
207,640,0.0
207,769,0.0
250,296,0.0
250,606,0.0
250,844,0.0
250,870,0.0
250,893,0.0
259,155,0.0
259,294,0.0
259,628,0.0
366,321,0.0
366,452,0.0
366,893,0.0
381,178,0.0
381,465,0.0
381,538,0.0
381,565,0.0
381,625,0.0
381,692,0.0
384,240,0.0
384,551,0.0
384,684,0.0
384,735,0.0
385,55,0.0
71,52,0.0
71,109,0.0
71,125,0.0
71,136,0.0
71,166,0.0
71,180,0.0
71,324,0.0
71,353,0.0
71,367,0.0
71,401,0.0
71,475,0.0
71,524,0.0
71,571,0.0
71,580,0.0
71,590,0.0
71,628,0.0
71,656,0.0
71,696,0.0
71,732,0.0
71,940,0.0
71,951,0.0
71,985,0.0
107,90,0.0
107,131,0.0
107,196,0.0
107,274,0.0
107,419,0.0
107,483,0.0
107,518,0.0
107,937,0.0
107,959,0.0
121,491,0.0
121,638,0.0
121,929,0.0
143,335,0.0
143,438,0.0
143,804,0.0
143,962,0.0
202,351,0.0
202,401,0.0
202,995,0.0
552,338,0.0
595,142,0.0
622,140,0.0
622,188,0.0
704,402,0.0
881,313,0.0
881,363,0.0
989,425,0.0
989,575,0.0
146,142,0.0
146,155,0.0
146,162,0.0
146,246,0.0
146,604,0.0
216,73,0.0
216,326,0.0
216,689,0.0
242,130,0.0
277,427,0.0
277,710,0.0
277,717,0.0
277,944,0.0
296,397,0.0
414,417,0.0
414,430,0.0
414,434,0.0
414,682,0.0
441,558,0.0
441,914,0.0
798,204,0.0
798,826,0.0
798,892,0.0
166,47,0.0
166,335,0.0
166,715,0.0
166,794,0.0
191,141,0.0
191,223,0.0
191,318,0.0
240,252,0.0
240,712,0.0
241,60,0.0
241,306,0.0
241,388,0.0
241,712,0.0
241,853,0.0
258,219,0.0
258,320,0.0
258,771,0.0
419,411,0.0
422,220,0.0
464,63,0.0
562,156,0.0
562,502,0.0
610,141,0.0
610,736,0.0
610,822,0.0
853,220,0.0
918,141,0.0
918,713,0.0
39,189,0.0
39,390,0.0
47,55,0.0
47,144,0.0
47,626,0.0
47,674,0.0
47,678,0.0
47,864,0.0
54,244,0.0
54,248,0.0
54,328,0.0
54,434,0.0
54,554,0.0
54,632,0.0
54,663,0.0
54,668,0.0
54,849,0.0
54,850,0.0
55,213,0.0
55,222,0.0
55,318,0.0
55,448,0.0
55,736,0.0
55,869,0.0
55,931,0.0
56,125,0.0
56,313,0.0
56,375,0.0
56,450,0.0
56,605,0.0
56,618,0.0
56,838,0.0
59,155,0.0
59,587,0.0
59,815,0.0
59,947,0.0
61,119,0.0
61,163,0.0
61,206,0.0
61,428,0.0
61,506,0.0
61,613,0.0
61,837,0.0
70,46,0.0
70,140,0.0
99,907,0.0
99,980,0.0
129,179,0.0
129,316,0.0
129,411,0.0
129,479,0.0
129,581,0.0
129,852,0.0
129,900,0.0
129,907,0.0
151,213,0.0
151,271,0.0
151,584,0.0
204,125,0.0
204,154,0.0
204,457,0.0
210,120,0.0
210,495,0.0
237,471,0.0
237,932,0.0
237,955,0.0
237,988,0.0
239,228,0.0
239,523,0.0
239,592,0.0
257,141,0.0
257,298,0.0
345,459,0.0
345,731,0.0
352,136,0.0
352,575,0.0
354,189,0.0
354,364,0.0
354,425,0.0
354,618,0.0
363,223,0.0
363,255,0.0
363,540,0.0
363,867,0.0
363,993,0.0
379,188,0.0
379,698,0.0
460,219,0.0
460,323,0.0
683,550,0.0
728,283,0.0
728,336,0.0
786,349,0.0
816,448,0.0
816,825,0.0
816,870,0.0
827,592,0.0
827,640,0.0
130,524,0.0
130,952,0.0
472,324,0.0
472,542,0.0
472,719,0.0
472,752,0.0
63,142,0.0
63,298,0.0
63,549,0.0
63,742,0.0
63,746,0.0
63,781,0.0
87,65,0.0
180,335,0.0
180,703,0.0
180,963,0.0
376,519,0.0
376,605,0.0
388,514,0.0
388,822,0.0
516,467,0.0
516,934,0.0
659,136,0.0
659,981,0.0
682,865,0.0
744,52,0.0
906,213,0.0
906,626,0.0
964,703,0.0
46,79,0.0
46,467,0.0
46,612,0.0
119,65,0.0
119,275,0.0
119,302,0.0
119,355,0.0
119,356,0.0
119,409,0.0
119,518,0.0
119,618,0.0
119,643,0.0
119,750,0.0
119,962,0.0
119,978,0.0
136,289,0.0
136,449,0.0
136,471,0.0
136,633,0.0
136,662,0.0
136,726,0.0
136,928,0.0
136,930,0.0
137,176,0.0
137,213,0.0
137,299,0.0
137,545,0.0
137,575,0.0
137,762,0.0
162,134,0.0
162,186,0.0
162,270,0.0
162,864,0.0
234,480,0.0
234,494,0.0
234,750,0.0
249,178,0.0
249,299,0.0
252,248,0.0
252,297,0.0
252,338,0.0
252,417,0.0
252,430,0.0
252,686,0.0
365,263,0.0
463,550,0.0
463,574,0.0
463,649,0.0
463,658,0.0
463,694,0.0
485,312,0.0
485,940,0.0
546,196,0.0
549,124,0.0
549,723,0.0
655,310,0.0
722,390,0.0
819,312,0.0
819,498,0.0
819,848,0.0
969,898,0.0
318,344,0.0
318,961,0.0
320,372,0.0
320,532,0.0
320,583,0.0
320,936,0.0
338,668,0.0
338,732,0.0
338,843,0.0
364,992,0.0
402,425,0.0
433,330,0.0
433,412,0.0
433,510,0.0
433,966,0.0
561,330,0.0
561,926,0.0
620,276,0.0
758,420,0.0
937,592,0.0
270,326,0.0
270,357,0.0
270,367,0.0
270,437,0.0
270,513,0.0
270,652,0.0
270,684,0.0
270,700,0.0
377,248,0.0
377,294,0.0
377,525,0.0
377,694,0.0
377,998,0.0
407,144,0.0
407,444,0.0
407,456,0.0
407,532,0.0
407,575,0.0
407,778,0.0
407,826,0.0
407,840,0.0
503,52,0.0
503,720,0.0
503,915,0.0
503,985,0.0
832,323,0.0
832,742,0.0
922,285,0.0
922,948,0.0
62,60,0.0
62,293,0.0
62,746,0.0
120,409,0.0
120,715,0.0
120,842,0.0
120,897,0.0
181,60,0.0
181,323,0.0
181,791,0.0
181,982,0.0
427,324,0.0
446,880,0.0
449,263,0.0
449,981,0.0
502,405,0.0
502,665,0.0
613,229,0.0
613,688,0.0
613,941,0.0
633,657,0.0
633,987,0.0
680,927,0.0
680,953,0.0
742,582,0.0
742,917,0.0
753,746,0.0
753,834,0.0
808,185,0.0
808,780,0.0
862,456,0.0
862,533,0.0
913,213,0.0
915,640,0.0
253,141,0.0
253,213,0.0
253,330,0.0
253,348,0.0
253,435,0.0
253,504,0.0
253,598,0.0
253,628,0.0
253,714,0.0
253,882,0.0
643,223,0.0
748,156,0.0
73,263,0.0
73,290,0.0
73,382,0.0
73,825,0.0
73,839,0.0
77,219,0.0
77,265,0.0
77,412,0.0
77,479,0.0
77,496,0.0
77,564,0.0
77,849,0.0
79,571,0.0
88,222,0.0
142,226,0.0
142,261,0.0
142,285,0.0
142,429,0.0
142,565,0.0
144,149,0.0
144,547,0.0
144,556,0.0
144,788,0.0
144,860,0.0
165,233,0.0
165,805,0.0
212,125,0.0
212,289,0.0
212,418,0.0
212,494,0.0
212,522,0.0
212,590,0.0
212,634,0.0
212,693,0.0
212,942,0.0
293,65,0.0
392,919,0.0
392,938,0.0
488,219,0.0
488,975,0.0
490,504,0.0
490,513,0.0
615,699,0.0
666,612,0.0
956,550,0.0
970,776,0.0
971,341,0.0
971,657,0.0
52,406,0.0
52,678,0.0
131,914,0.0
229,298,0.0
229,573,0.0
229,865,0.0
428,248,0.0
431,163,0.0
435,719,0.0
461,316,0.0
461,612,0.0
654,327,0.0
708,547,0.0
713,528,0.0
831,718,0.0
90,161,0.0
90,198,0.0
90,555,0.0
90,580,0.0
90,791,0.0
125,262,0.0
125,286,0.0
125,453,0.0
125,716,0.0
125,777,0.0
174,498,0.0
174,577,0.0
174,586,0.0
179,389,0.0
179,821,0.0
292,362,0.0
292,454,0.0
292,905,0.0
555,673,0.0
600,641,0.0
600,893,0.0
604,263,0.0
634,677,0.0
954,487,0.0
65,232,0.0
65,447,0.0
65,723,0.0
65,801,0.0
65,869,0.0
232,673,0.0
244,261,0.0
244,397,0.0
282,313,0.0
348,452,0.0
534,275,0.0
536,494,0.0
536,754,0.0
542,126,0.0
745,605,0.0
745,812,0.0
756,382,0.0
844,857,0.0
844,880,0.0
872,60,0.0
919,607,0.0
920,854,0.0
968,295,0.0
762,343,0.0
155,606,0.0
155,948,0.0
773,677,0.0
806,255,0.0
806,339,0.0
806,851,0.0
846,547,0.0
109,112,0.0
109,290,0.0
109,483,0.0
109,727,0.0
109,730,0.0
112,160,0.0
112,198,0.0
112,520,0.0
112,525,0.0
112,533,0.0
112,635,0.0
112,691,0.0
112,949,0.0
185,465,0.0
285,545,0.0
285,594,0.0
295,356,0.0
295,518,0.0
312,126,0.0
312,639,0.0
312,727,0.0
312,895,0.0
336,327,0.0
349,154,0.0
349,715,0.0
349,761,0.0
450,198,0.0
450,525,0.0
450,797,0.0
450,841,0.0
510,576,0.0
512,267,0.0
512,322,0.0
512,611,0.0
757,797,0.0
863,323,0.0
875,852,0.0
265,328,0.0
265,527,0.0
265,840,0.0
265,892,0.0
265,951,0.0
386,656,0.0
743,870,0.0
60,273,0.0
60,389,0.0
60,771,0.0
60,803,0.0
421,483,0.0
421,686,0.0
421,718,0.0
421,765,0.0
577,399,0.0
154,156,0.0
154,263,0.0
154,275,0.0
154,380,0.0
154,668,0.0
154,823,0.0
154,985,0.0
322,140,0.0
322,430,0.0
322,572,0.0
322,640,0.0
607,276,0.0
607,677,0.0
607,685,0.0
126,218,0.0
126,504,0.0
126,592,0.0
126,650,0.0
126,735,0.0
126,766,0.0
126,787,0.0
126,887,0.0
149,217,0.0
149,626,0.0
262,529,0.0
262,750,0.0
262,771,0.0
327,884,0.0
411,425,0.0
445,188,0.0
554,343,0.0
560,324,0.0
560,547,0.0
560,689,0.0
560,705,0.0
560,899,0.0
578,437,0.0
679,134,0.0
716,966,0.0
801,156,0.0
854,323,0.0
887,218,0.0
890,453,0.0
141,294,0.0
141,417,0.0
141,454,0.0
141,466,0.0
141,480,0.0
141,513,0.0
141,697,0.0
141,699,0.0
141,774,0.0
178,462,0.0
178,616,0.0
178,751,0.0
273,581,0.0
375,223,0.0
375,611,0.0
375,884,0.0
412,267,0.0
656,770,0.0
661,587,0.0
809,479,0.0
189,537,0.0
777,950,0.0
949,952,0.0
261,372,0.0
261,567,0.0
261,674,0.0
261,851,0.0
500,134,0.0
500,651,0.0
529,430,0.0
529,899,0.0
710,612,0.0
267,276,0.0
271,714,0.0
271,717,0.0
286,665,0.0
286,953,0.0
405,218,0.0
405,527,0.0
405,780,0.0
263,283,0.0
263,306,0.0
263,547,0.0
263,835,0.0
161,399,0.0
186,368,0.0
186,754,0.0
193,465,0.0
248,576,0.0
974,372,0.0
390,206,0.0
404,644,0.0
675,574,0.0
134,537,0.0
134,639,0.0
134,681,0.0
134,697,0.0
134,776,0.0
134,921,0.0
156,276,0.0
156,313,0.0
156,329,0.0
156,467,0.0
156,718,0.0
156,790,0.0
156,849,0.0
930,339,0.0
341,527,0.0
639,988,0.0
438,213,0.0
438,979,0.0
690,567,0.0
885,658,0.0
924,399,0.0
994,527,0.0
467,425,0.0
612,996,0.0
864,434,0.0
206,188,0.0
206,275,0.0
871,188,0.0
289,457,0.0
289,733,0.0
334,314,0.0
343,326,0.0
343,399,0.0
343,567,0.0
343,669,0.0
343,707,0.0
462,368,0.0
462,691,0.0
641,486,0.0
950,587,0.0
703,815,0.0
707,951,0.0
255,302,0.0
255,551,0.0
255,672,0.0
255,789,0.0
770,471,0.0
835,532,0.0
997,140,0.0
188,337,0.0
188,437,0.0
188,647,0.0
188,850,0.0
972,283,0.0
972,574,0.0
328,532,0.0
328,591,0.0
328,833,0.0
668,792,0.0
213,947,0.0
222,689,0.0
605,761,0.0
618,624,0.0
140,965,0.0
314,420,0.0
496,616,0.0
815,276,0.0
803,198,0.0
163,176,0.0
163,394,0.0
837,693,0.0
837,855,0.0
837,905,0.0
746,513,0.0
781,219,0.0
781,409,0.0
723,401,0.0
353,418,0.0
353,584,0.0
519,551,0.0
726,582,0.0
784,640,0.0
941,276,0.0
836,316,0.0
324,774,0.0
571,471,0.0
571,841,0.0
732,246,0.0
339,276,0.0
339,382,0.0
339,479,0.0
339,629,0.0
339,778,0.0
642,372,0.0
830,649,0.0
830,928,0.0
290,487,0.0
382,651,0.0
825,772,0.0
219,198,0.0
219,226,0.0
219,493,0.0
219,714,0.0
219,807,0.0
219,993,0.0
564,425,0.0
780,596,0.0
528,330,0.0
307,550,0.0
307,718,0.0
307,789,0.0
307,943,0.0
486,226,0.0
486,657,0.0
297,226,0.0
297,909,0.0
198,409,0.0
316,228,0.0
316,355,0.0
316,669,0.0
316,769,0.0
487,323,0.0
574,665,0.0
420,491,0.0
420,977,0.0
647,246,0.0
223,602,0.0
223,697,0.0
223,943,0.0
572,581,0.0
572,999,0.0
645,650,0.0
645,855,0.0
731,498,0.0
329,451,0.0
355,538,0.0
355,772,0.0
787,807,0.0
218,356,0.0
218,637,0.0
218,966,0.0
294,965,0.0
444,583,0.0
466,848,0.0
907,522,0.0
980,176,0.0
980,575,0.0
278,275,0.0
278,609,0.0
380,326,0.0
380,489,0.0
471,558,0.0
471,596,0.0
471,867,0.0
823,792,0.0
938,975,0.0
347,765,0.0
658,699,0.0
898,792,0.0
228,372,0.0
727,943,0.0
609,430,0.0
691,397,0.0
792,581,0.0
672,567,0.0
651,876,0.0
861,657,0.0
394,712,0.0
302,884,0.0
962,677,0.0
978,330,0.0
978,712,0.0
897,979,0.0
929,335,0.0
323,418,0.0
581,979,0.0
952,567,0.0
914,583,0.0
537,452,0.0
537,602,0.0
662,399,0.0
176,217,0.0
176,751,0.0
283,644,0.0
513,717,0.0
699,882,0.0
226,955,0.0
565,759,0.0
335,451,0.0
860,911,0.0
326,876,0.0
217,794,0.0
596,794,0.0
797,987,0.0
584,623,0.0
606,437,0.0
751,936,0.0
465,859,0.0
337,459,0.0
451,988,0.0
935,602,0.0
693,911,0.0
689,812,0.0
689,855,0.0
602,677,0.0
372,456,0.0
372,996,0.0
430,859,0.0
430,908,0.0
851,833,0.0
527,772,0.0
644,767,0.0
644,833,0.0
665,685,0.0
733,456,0.0
733,926,0.0
624,456,0.0
624,859,0.0
425,767,0.0
826,926,0.0
